x_nm,field_v_cm,charge_c_cm3,n_cm3,p_cm3,Ec_eV,Ev_eV,Ei_eV,Efn_eV,Efp_eV,Jtotal_a_cm2,Jelec_a_cm2,Jhole_a_cm2
0.000000000e+00,-1.352966285e+05,-1.592184228e-04,6.673811650e+01,9.006236376e+15,2.219314858e+00,1.030814858e+00,1.625064858e+00,1.019345319e+00,1.389664681e+00,-3.398566229e+01,-2.276229085e-13,-3.398566229e+01
2.000000000e-01,-1.352966285e+05,-1.592184228e-04,6.673811650e+01,9.006236376e+15,1.169314858e+00,-1.918514214e-02,5.750648579e-01,-3.065468127e-02,3.396646813e-01,-3.398566229e+01,-2.276229085e-13,-3.398566229e+01
4.000000000e-01,-1.353019663e+05,-3.026171214e-04,7.410227615e+01,8.111211743e+15,1.166608925e+00,-2.189107471e-02,5.723589253e-01,-3.065468127e-02,3.396646813e-01,3.771993820e-14,3.110665596e-28,3.771993820e-14
6.000000000e-01,-1.353095822e+05,-4.317699316e-04,8.227936738e+01,7.305102987e+15,1.163902886e+00,-2.459711404e-02,5.696528860e-01,-3.065468127e-02,3.396646813e-01,3.868642562e-14,4.006062993e-28,3.868642562e-14
8.000000000e-01,-1.353192499e+05,-5.480934828e-04,9.135932844e+01,6.579068200e+15,1.161196694e+00,-2.730330568e-02,5.669466943e-01,-3.065468127e-02,3.396646813e-01,3.735439229e-14,4.712445363e-28,3.735439229e-14
1.000000000e+00,-1.353307656e+05,-6.528630454e-04,1.014420697e+02,5.925147766e+15,1.158490309e+00,-3.000969068e-02,5.642403093e-01,-3.065468127e-02,3.396646813e-01,3.250545600e-14,5.137727667e-28,3.250545600e-14
1.200000000e+00,-1.353439457e+05,-7.472267503e-04,1.126385817e+02,5.336175612e+15,1.155783694e+00,-3.271630599e-02,5.615336940e-01,-3.065468127e-02,3.396646813e-01,2.779764736e-14,5.321805334e-28,2.779764736e-14
1.400000000e+00,-1.353586250e+05,-8.322183554e-04,1.250721667e+02,4.805699528e+15,1.153076815e+00,-3.542318490e-02,5.588268151e-01,-3.065468127e-02,3.396646813e-01,2.194215449e-14,5.182181404e-28,2.194215449e-14
1.600000000e+00,-1.353746546e+05,-9.087687103e-04,1.388798075e+02,4.327909604e+15,1.150369643e+00,-3.813035740e-02,5.561196426e-01,-3.065468127e-02,3.396646813e-01,1.984856146e-14,5.841312756e-28,1.984856146e-14
1.800000000e+00,-1.353919002e+05,-9.777160570e-04,1.542136881e+02,3.897573943e+15,1.147662150e+00,-4.083785050e-02,5.534121495e-01,-3.065468127e-02,3.396646813e-01,1.544855634e-14,5.464095358e-28,1.544855634e-14
2.000000000e+00,-1.354102413e+05,-1.039815287e-03,1.712428850e+02,3.509980882e+15,1.144954311e+00,-4.354568850e-02,5.507043115e-01,-3.065468127e-02,3.396646813e-01,1.180386056e-14,5.356006778e-28,1.180386056e-14
2.200000000e+00,-1.354295689e+05,-1.095746264e-03,1.901552457e+02,3.160887045e+15,1.142246107e+00,-4.625389333e-02,5.479961067e-01,-3.065468127e-02,3.396646813e-01,1.175010052e-14,6.598108452e-28,1.175010052e-14
2.400000000e+00,-1.354497850e+05,-1.146121306e-03,2.111594775e+02,2.846470637e+15,1.139537515e+00,-4.896248470e-02,5.452875153e-01,-3.065468127e-02,3.396646813e-01,1.082279631e-14,7.438151971e-28,1.082279631e-14
2.600000000e+00,-1.354708014e+05,-1.191491919e-03,2.344874692e+02,2.563289435e+15,1.136828520e+00,-5.167148040e-02,5.425785196e-01,-3.065468127e-02,3.396646813e-01,9.277290362e-15,7.869715612e-28,9.277290362e-15
2.800000000e+00,-1.354925386e+05,-1.232354848e-03,2.603968709e+02,2.308242992e+15,1.134119104e+00,-5.438089643e-02,5.398691036e-01,-3.065468127e-02,3.396646813e-01,7.108622398e-15,7.397875971e-28,7.108622398e-15
3.000000000e+00,-1.355149250e+05,-1.269157529e-03,2.891739627e+02,2.078538631e+15,1.131409253e+00,-5.709074721e-02,5.371592528e-01,-3.065468127e-02,3.396646813e-01,6.159868280e-15,7.902760323e-28,6.159868280e-15
3.200000000e+00,-1.355378960e+05,-1.302302992e-03,3.211368426e+02,1.871660840e+15,1.128698954e+00,-5.980104571e-02,5.344489543e-01,-3.065468127e-02,3.396646813e-01,5.227844613e-15,8.271218788e-28,5.227844613e-15
3.400000000e+00,-1.355613935e+05,-1.332154273e-03,3.566389707e+02,1.685343728e+15,1.125988196e+00,-6.251180363e-02,5.317381964e-01,-3.065468127e-02,3.396646813e-01,4.069501403e-15,8.076076140e-28,4.069501403e-15
3.600000000e+00,-1.355853653e+05,-1.359038385e-03,3.960731087e+02,1.517546229e+15,1.123276969e+00,-6.522303150e-02,5.290269685e-01,-3.065468127e-02,3.396646813e-01,4.745418110e-15,1.177026696e-27,4.745418110e-15
3.800000000e+00,-1.356097641e+05,-1.383249901e-03,4.398756996e+02,1.366429773e+15,1.120565261e+00,-6.793473880e-02,5.263152612e-01,-3.065468127e-02,3.396646813e-01,4.779967283e-15,1.430768181e-27,4.779967283e-15
4.000000000e+00,-1.356345475e+05,-1.405054168e-03,4.885317361e+02,1.230338191e+15,1.117853066e+00,-7.064693408e-02,5.236030659e-01,-3.065468127e-02,3.396646813e-01,4.435615215e-15,1.706061229e-27,4.435615215e-15
4.200000000e+00,-1.356596772e+05,-1.424690210e-03,5.425801730e+02,1.107779610e+15,1.115140375e+00,-7.335962503e-02,5.208903750e-01,-3.065468127e-02,3.396646813e-01,4.983204258e-15,2.340242448e-27,4.983204258e-15
4.400000000e+00,-1.356851189e+05,-1.442373339e-03,6.026199442e+02,9.974101559e+14,1.112427181e+00,-7.607281858e-02,5.181771814e-01,-3.065468127e-02,3.396646813e-01,5.230974514e-15,3.019066433e-27,5.230974514e-15
4.600000000e+00,-1.357108414e+05,-1.458297508e-03,6.693166522e+02,8.980192716e+14,1.109713479e+00,-7.878652095e-02,5.154634790e-01,-3.065468127e-02,3.396646813e-01,5.075572629e-15,3.577775421e-27,5.075572629e-15
4.800000000e+00,-1.357368169e+05,-1.472637427e-03,7.434100051e+02,8.085164961e+14,1.106999262e+00,-8.150073778e-02,5.127492622e-01,-3.065468127e-02,3.396646813e-01,4.547764822e-15,3.995025790e-27,4.547764822e-15
5.000000000e+00,-1.357630201e+05,-1.485550476e-03,8.257220853e+02,7.279195545e+14,1.104284526e+00,-8.421547412e-02,5.100345259e-01,-3.065468127e-02,3.396646813e-01,3.994654140e-15,4.327627609e-27,3.994654140e-15
5.200000000e+00,-1.357894285e+05,-1.497178416e-03,9.171665422e+02,6.553436315e+14,1.101569265e+00,-8.693073452e-02,5.073192655e-01,-3.065468127e-02,3.396646813e-01,3.495289008e-15,4.672924802e-27,3.495289008e-15
5.400000000e+00,-1.358160215e+05,-1.507648945e-03,1.018758814e+03,5.899917078e+14,1.098853477e+00,-8.964652309e-02,5.046034769e-01,-3.065468127e-02,3.396646813e-01,3.129478100e-15,5.169688830e-27,3.129478100e-15
5.600000000e+00,-1.358427809e+05,-1.517077086e-03,1.131627492e+03,5.311458557e+14,1.096137156e+00,-9.236284352e-02,5.018871565e-01,-3.065468127e-02,3.396646813e-01,2.631126415e-15,5.352344576e-27,2.631126415e-15
5.800000000e+00,-1.358696900e+05,-1.525566449e-03,1.257026956e+03,4.781593979e+14,1.093420301e+00,-9.507969914e-02,4.991703009e-01,-3.065468127e-02,3.396646813e-01,2.289836380e-15,5.856145782e-27,2.289836380e-15
6.000000000e+00,-1.358967339e+05,-1.533210359e-03,1.396351427e+03,4.304498430e+14,1.090702907e+00,-9.779709294e-02,4.964529071e-01,-3.065468127e-02,3.396646813e-01,2.163840262e-15,6.765678601e-27,2.163840262e-15
6.200000000e+00,-1.359238992e+05,-1.540092878e-03,1.551150588e+03,3.874925214e+14,1.087984972e+00,-1.005150276e-01,4.937349724e-01,-3.065468127e-02,3.396646813e-01,1.882693023e-15,7.259488762e-27,1.882693023e-15
6.400000000e+00,-1.359511738e+05,-1.546289721e-03,1.723146958e+03,3.488148529e+14,1.085266494e+00,-1.032335056e-01,4.910164944e-01,-3.065468127e-02,3.396646813e-01,1.743592480e-15,8.425660444e-27,1.743592480e-15
6.600000000e+00,-1.359785468e+05,-1.551869087e-03,1.914255207e+03,3.139911806e+14,1.082547471e+00,-1.059525291e-01,4.882974709e-01,-3.065468127e-02,3.396646813e-01,1.805007957e-15,1.072046131e-26,1.805007957e-15
6.800000000e+00,-1.360060085e+05,-1.556892399e-03,2.126603644e+03,2.826381184e+14,1.079827900e+00,-1.086721000e-01,4.855779000e-01,-3.065468127e-02,3.396646813e-01,1.728379853e-15,1.266695047e-26,1.728379853e-15
7.000000000e+00,-1.360335499e+05,-1.561414983e-03,2.362558097e+03,2.544103585e+14,1.077107780e+00,-1.113922202e-01,4.828577798e-01,-3.065468127e-02,3.396646813e-01,1.596511530e-15,1.460909536e-26,1.596511530e-15
7.200000000e+00,-1.360611631e+05,-1.565486667e-03,2.624748484e+03,2.289968948e+14,1.074387109e+00,-1.141128912e-01,4.801371088e-01,-3.065468127e-02,3.396646813e-01,1.455340201e-15,1.631988210e-26,1.455340201e-15
7.400000000e+00,-1.360888410e+05,-1.569152330e-03,2.916098355e+03,2.061176199e+14,1.071665886e+00,-1.168341144e-01,4.774158856e-01,-3.065468127e-02,3.396646813e-01,1.310615598e-15,1.829272036e-26,1.310615598e-15
7.600000000e+00,-1.361165771e+05,-1.572452389e-03,3.239857744e+03,1.855202604e+14,1.068944109e+00,-1.195558913e-01,4.746941087e-01,-3.065468127e-02,3.396646813e-01,1.179761289e-15,2.019818339e-26,1.179761289e-15
7.800000000e+00,-1.361443656e+05,-1.575423247e-03,3.599639710e+03,1.669776147e+14,1.066221777e+00,-1.222782228e-01,4.719717772e-01,-3.065468127e-02,3.396646813e-01,1.065789332e-15,2.257767791e-26,1.065789332e-15
8.000000000e+00,-1.361722012e+05,-1.578097688e-03,3.999460973e+03,1.502850650e+14,1.063498890e+00,-1.250011101e-01,4.692488899e-01,-3.065468127e-02,3.396646813e-01,1.021342903e-15,2.673589528e-26,1.021342903e-15
8.200000000e+00,-1.362000794e+05,-1.580505234e-03,4.443787109e+03,1.352583366e+14,1.060775446e+00,-1.277245541e-01,4.665254459e-01,-3.065468127e-02,3.396646813e-01,9.649879661e-16,3.138998655e-26,9.649879660e-16
8.400000000e+00,-1.362279957e+05,-1.582672475e-03,4.937582815e+03,1.217314777e+14,1.058051444e+00,-1.304485557e-01,4.638014443e-01,-3.065468127e-02,3.396646813e-01,9.347475839e-16,3.785514299e-26,9.347475839e-16
8.600000000e+00,-1.362559465e+05,-1.584623354e-03,5.486367819e+03,1.095550412e+14,1.055326884e+00,-1.331731156e-01,4.610768844e-01,-3.065468127e-02,3.396646813e-01,8.456355928e-16,4.199553404e-26,8.456355927e-16
8.800000000e+00,-1.362839283e+05,-1.586379435e-03,6.096279062e+03,9.859444529e+13,1.052601765e+00,-1.358982346e-01,4.583517654e-01,-3.065468127e-02,3.396646813e-01,7.252475619e-16,4.454892270e-26,7.252475619e-16
9.000000000e+00,-1.363119379e+05,-1.587960133e-03,6.774139861e+03,8.872849761e+13,1.049876087e+00,-1.386239131e-01,4.556260869e-01,-3.065468127e-02,3.396646813e-01,6.544741620e-16,4.968621950e-26,6.544741620e-16
9.200000000e+00,-1.363399726e+05,-1.589382935e-03,7.527536843e+03,7.984806518e+13,1.047149848e+00,-1.413501519e-01,4.528998481e-01,-3.065468127e-02,3.396646813e-01,5.745409698e-16,5.426102817e-26,5.745409698e-16
9.400000000e+00,-1.363680299e+05,-1.590663584e-03,8.364905517e+03,7.185487646e+13,1.044423049e+00,-1.440769513e-01,4.501730487e-01,-3.065468127e-02,3.396646813e-01,4.927983986e-16,5.740414094e-26,4.927983985e-16
9.600000000e+00,-1.363961076e+05,-1.591816259e-03,9.295625460e+03,6.466044217e+13,1.041695688e+00,-1.468043119e-01,4.474456881e-01,-3.065468127e-02,3.396646813e-01,4.544656550e-16,6.593394573e-26,4.544656549e-16
9.800000000e+00,-1.364242035e+05,-1.592853726e-03,1.033012620e+04,5.818508318e+13,1.038967766e+00,-1.495322341e-01,4.447177659e-01,-3.065468127e-02,3.396646813e-01,4.434579417e-16,7.921751233e-26,4.434579416e-16
1.000000000e+01,-1.364523159e+05,-1.593787478e-03,1.148000501e+04,5.235705488e+13,1.036239282e+00,-1.522607182e-01,4.419892818e-01,-3.065468127e-02,3.396646813e-01,4.003962155e-16,8.824018695e-26,4.003962154e-16
1.020000000e+01,-1.364804432e+05,-1.594627867e-03,1.275815792e+04,4.711175833e+13,1.033510236e+00,-1.549897645e-01,4.392602355e-01,-3.065468127e-02,3.396646813e-01,3.608899555e-16,9.890341483e-26,3.608899554e-16
1.040000000e+01,-1.365085838e+05,-1.595384211e-03,1.417892546e+04,4.239102985e+13,1.030780627e+00,-1.577193733e-01,4.365306267e-01,-3.065468127e-02,3.396646813e-01,3.406499059e-16,1.156173925e-25,3.406499058e-16
1.060000000e+01,-1.365367363e+05,-1.596064900e-03,1.575825487e+04,3.814250103e+13,1.028050455e+00,-1.604495450e-01,4.338004550e-01,-3.065468127e-02,3.396646813e-01,3.068552988e-16,1.283957670e-25,3.068552987e-16
1.080000000e+01,-1.365648997e+05,-1.596677489e-03,1.751388041e+04,3.431902230e+13,1.025319720e+00,-1.631802798e-01,4.310697202e-01,-3.065468127e-02,3.396646813e-01,2.639314865e-16,1.363075217e-25,2.639314863e-16
1.100000000e+01,-1.365930728e+05,-1.597228778e-03,1.946552413e+04,3.087814375e+13,1.022588422e+00,-1.659115777e-01,4.283384223e-01,-3.065468127e-02,3.396646813e-01,2.253518260e-16,1.446275729e-25,2.253518258e-16
1.120000000e+01,-1.366212547e+05,-1.597724891e-03,2.163511909e+04,2.778164752e+13,1.019856561e+00,-1.686434392e-01,4.256065608e-01,-3.065468127e-02,3.396646813e-01,2.024305221e-16,1.612057963e-25,2.024305219e-16
1.140000000e+01,-1.366494445e+05,-1.598171341e-03,2.404705776e+04,2.499512657e+13,1.017124136e+00,-1.713758643e-01,4.228741357e-01,-3.065468127e-02,3.396646813e-01,1.835689633e-16,1.796881770e-25,1.835689631e-16
1.160000000e+01,-1.366776413e+05,-1.598573090e-03,2.672846847e+04,2.248760543e+13,1.014391147e+00,-1.741088532e-01,4.201411468e-01,-3.065468127e-02,3.396646813e-01,1.695453872e-16,2.069188121e-25,1.695453869e-16
1.180000000e+01,-1.367058445e+05,-1.598934606e-03,2.970952280e+04,2.023119848e+13,1.011657594e+00,-1.768424060e-01,4.174075940e-01,-3.065468127e-02,3.396646813e-01,1.603864548e-16,2.419078510e-25,1.603864546e-16
1.200000000e+01,-1.367340534e+05,-1.599259911e-03,3.302377781e+04,1.820080234e+13,1.008923477e+00,-1.795765229e-01,4.146734771e-01,-3.065468127e-02,3.396646813e-01,1.447505821e-16,2.691774483e-25,1.447505818e-16
1.220000000e+01,-1.367622675e+05,-1.599552626e-03,3.670855665e+04,1.637381873e+13,1.006188796e+00,-1.823112040e-01,4.119387960e-01,-3.065468127e-02,3.396646813e-01,1.307658427e-16,2.998972747e-25,1.307658424e-16
1.240000000e+01,-1.367904863e+05,-1.599816010e-03,4.080537219e+04,1.472990492e+13,1.003453551e+00,-1.850464493e-01,4.092035507e-01,-3.065468127e-02,3.396646813e-01,1.205328916e-16,3.446663494e-25,1.205328913e-16
1.260000000e+01,-1.368187092e+05,-1.600052997e-03,4.536039829e+04,1.325074900e+13,1.000717741e+00,-1.877822590e-01,4.064677410e-01,-3.065468127e-02,3.396646813e-01,1.093106804e-16,3.831536295e-25,1.093106800e-16
1.280000000e+01,-1.368469359e+05,-1.600266227e-03,5.042499427e+04,1.191986754e+13,9.979813668e-01,-1.905186332e-01,4.037313668e-01,-3.065468127e-02,3.396646813e-01,9.995617305e-17,4.380348195e-25,9.995617261e-17
1.300000000e+01,-1.368751660e+05,-1.600458079e-03,5.605628849e+04,1.072242328e+13,9.952444281e-01,-1.932555719e-01,4.009944281e-01,-3.065468127e-02,3.396646813e-01,9.400790598e-17,5.102100522e-25,9.400790547e-17
1.320000000e+01,-1.369033991e+05,-1.600630691e-03,6.231782775e+04,9.645061040e+12,9.925069247e-01,-1.959930753e-01,3.982569247e-01,-3.065468127e-02,3.396646813e-01,8.325356974e-17,5.547867836e-25,8.325356918e-17
1.340000000e+01,-1.369316350e+05,-1.600785991e-03,6.928029994e+04,8.675759964e+12,9.897688567e-01,-1.987311433e-01,3.955188567e-01,-3.065468127e-02,3.396646813e-01,7.188738181e-17,5.929738777e-25,7.188738122e-17
1.360000000e+01,-1.369598733e+05,-1.600925710e-03,7.702233825e+04,7.803700409e+12,9.870302240e-01,-2.014697760e-01,3.927802240e-01,-3.065468127e-02,3.396646813e-01,6.163505026e-17,6.306522283e-25,6.163504963e-17
1.380000000e+01,-1.369881139e+05,-1.601051410e-03,8.563141610e+04,7.019144140e+12,9.842910266e-01,-2.042089734e-01,3.900410266e-01,-3.065468127e-02,3.396646813e-01,5.279101299e-17,6.715437180e-25,5.279101232e-17
1.400000000e+01,-1.370163564e+05,-1.601164494e-03,9.520484311e+04,6.313326432e+12,9.815512643e-01,-2.069487357e-01,3.873012643e-01,-3.065468127e-02,3.396646813e-01,4.863709467e-17,7.695766367e-25,4.863709390e-17
1.420000000e+01,-1.370446007e+05,-1.601266227e-03,1.058508735e+05,5.678358925e+12,9.788109372e-01,-2.096890628e-01,3.845609372e-01,-3.065468127e-02,3.396646813e-01,4.610908207e-17,8.967666143e-25,4.610908118e-17
1.440000000e+01,-1.370728467e+05,-1.601357746e-03,1.176899398e+05,5.107142152e+12,9.760700452e-01,-2.124299548e-01,3.818200452e-01,-3.065468127e-02,3.396646813e-01,4.154350875e-17,1.003656556e-24,4.154350774e-17
1.460000000e+01,-1.371010941e+05,-1.601440075e-03,1.308560255e+05,4.593286783e+12,9.733285882e-01,-2.151714118e-01,3.790785882e-01,-3.065468127e-02,3.396646813e-01,3.812421848e-17,1.142952085e-24,3.812421733e-17
1.480000000e+01,-1.371293428e+05,-1.601514134e-03,1.454981933e+05,4.131042722e+12,9.705865663e-01,-2.179134337e-01,3.763365663e-01,-3.065468127e-02,3.396646813e-01,3.435460124e-17,1.270969702e-24,3.435459997e-17
1.500000000e+01,-1.371575927e+05,-1.601580754e-03,1.617822857e+05,3.715235261e+12,9.678439795e-01,-2.206560205e-01,3.735939795e-01,-3.065468127e-02,3.396646813e-01,2.950531121e-17,1.354115896e-24,2.950530986e-17
1.520000000e+01,-1.371858436e+05,-1.601640680e-03,1.798928180e+05,3.341207611e+12,9.651008276e-01,-2.233991724e-01,3.708508276e-01,-3.065468127e-02,3.396646813e-01,2.653635501e-17,1.514055980e-24,2.653635349e-17
1.540000000e+01,-1.372140955e+05,-1.601694583e-03,2.000350848e+05,3.004769153e+12,9.623571108e-01,-2.261428892e-01,3.681071108e-01,-3.065468127e-02,3.396646813e-01,2.409350331e-17,1.687198363e-24,2.409350162e-17
1.560000000e+01,-1.372423482e+05,-1.601743068e-03,2.224375059e+05,2.702148858e+12,9.596128289e-01,-2.288871711e-01,3.653628289e-01,-3.065468127e-02,3.396646813e-01,2.164302875e-17,1.882865284e-24,2.164302687e-17
1.580000000e+01,-1.372706017e+05,-1.601786679e-03,2.473542355e+05,2.429953347e+12,9.568679819e-01,-2.316320181e-01,3.626179819e-01,-3.065468127e-02,3.396646813e-01,2.040543718e-17,2.209083692e-24,2.040543497e-17
1.600000000e+01,-1.372988559e+05,-1.601825904e-03,2.750680689e+05,2.185129139e+12,9.541225699e-01,-2.343774301e-01,3.598725699e-01,-3.065468127e-02,3.396646813e-01,1.872394056e-17,2.515600934e-24,1.872393804e-17
1.620000000e+01,-1.373271108e+05,-1.601861184e-03,3.058936762e+05,1.964928664e+12,9.513765927e-01,-2.371234073e-01,3.571265927e-01,-3.065468127e-02,3.396646813e-01,1.728209556e-17,2.864203057e-24,1.728209269e-17
1.640000000e+01,-1.373553661e+05,-1.601892915e-03,3.401812027e+05,1.766879674e+12,9.486300505e-01,-2.398699495e-01,3.543800505e-01,-3.065468127e-02,3.396646813e-01,1.598294961e-17,3.264569031e-24,1.598294634e-17
1.660000000e+01,-1.373836220e+05,-1.601921453e-03,3.783202770e+05,1.588757698e+12,9.458829432e-01,-2.426170568e-01,3.516329432e-01,-3.065468127e-02,3.396646813e-01,1.438530443e-17,3.654762823e-24,1.438530078e-17
1.680000000e+01,-1.374118784e+05,-1.601947119e-03,4.207444727e+05,1.428561256e+12,9.431352708e-01,-2.453647292e-01,3.488852708e-01,-3.065468127e-02,3.396646813e-01,1.283212489e-17,4.022147192e-24,1.283212086e-17
1.700000000e+01,-1.374401351e+05,-1.601970202e-03,4.679362749e+05,1.284489544e+12,9.403870332e-01,-2.481129668e-01,3.461370332e-01,-3.065468127e-02,3.396646813e-01,1.142213452e-17,4.422949196e-24,1.142213010e-17
1.720000000e+01,-1.374683922e+05,-1.601990961e-03,5.204326099e+05,1.154922349e+12,9.376382305e-01,-2.508617695e-01,3.433882305e-01,-3.065468127e-02,3.396646813e-01,1.030389497e-17,4.945517427e-24,1.030389002e-17
1.740000000e+01,-1.374966497e+05,-1.602009630e-03,5.788310012e+05,1.038401971e+12,9.348888626e-01,-2.536111374e-01,3.406388626e-01,-3.065468127e-02,3.396646813e-01,9.145425047e-18,5.464670921e-24,9.145419583e-18
1.760000000e+01,-1.375249074e+05,-1.602026418e-03,6.437964225e+05,9.336169501e+11,9.321389297e-01,-2.563610703e-01,3.378889297e-01,-3.065468127e-02,3.396646813e-01,8.379163489e-18,6.252455898e-24,8.379157237e-18
1.780000000e+01,-1.375531654e+05,-1.602041515e-03,7.160689282e+05,8.393874232e+11,9.293884315e-01,-2.591115685e-01,3.351384315e-01,-3.065468127e-02,3.396646813e-01,7.610727186e-18,6.930340976e-24,7.610720256e-18
1.800000000e+01,-1.375814237e+05,-1.602055092e-03,7.964721481e+05,7.546519410e+11,9.266373682e-01,-2.618626318e-01,3.323873682e-01,-3.065468127e-02,3.396646813e-01,6.604701079e-18,7.471866353e-24,6.604693608e-18
1.820000000e+01,-1.376096821e+05,-1.602067300e-03,8.859227458e+05,6.784556050e+11,9.238857397e-01,-2.646142603e-01,3.296357397e-01,-3.065468127e-02,3.396646813e-01,5.906126279e-18,8.335353659e-24,5.906117943e-18
1.840000000e+01,-1.376379408e+05,-1.602078277e-03,9.854409497e+05,6.099393907e+11,9.211335461e-01,-2.673664539e-01,3.268835461e-01,-3.065468127e-02,3.396646813e-01,5.155949199e-18,8.960239654e-24,5.155940239e-18
1.860000000e+01,-1.376661996e+05,-1.602088148e-03,1.096162278e+06,5.483305386e+11,9.183807873e-01,-2.701192127e-01,3.241307873e-01,-3.065468127e-02,3.396646813e-01,4.590359103e-18,9.909244814e-24,4.590349193e-18
1.880000000e+01,-1.376944586e+05,-1.602097024e-03,1.219350596e+06,4.929339062e+11,9.156274633e-01,-2.728725367e-01,3.213774633e-01,-3.065468127e-02,3.396646813e-01,4.222550054e-18,1.130083248e-23,4.222538753e-18
1.900000000e+01,-1.377227177e+05,-1.602105004e-03,1.356412651e+06,4.431241865e+11,9.128735741e-01,-2.756264259e-01,3.186235741e-01,-3.065468127e-02,3.396646813e-01,3.753976245e-18,1.244161228e-23,3.753963803e-18
1.920000000e+01,-1.377509770e+05,-1.602112179e-03,1.508914261e+06,3.983389038e+11,9.101191197e-01,-2.783808803e-01,3.158691197e-01,-3.065468127e-02,3.396646813e-01,3.359095759e-18,1.382119794e-23,3.359081937e-18
1.940000000e+01,-1.377792364e+05,-1.602118631e-03,1.678598339e+06,3.580721120e+11,9.073641002e-01,-2.811358998e-01,3.131141002e-01,-3.065468127e-02,3.396646813e-01,3.088213806e-18,1.580475158e-23,3.088198002e-18
1.960000000e+01,-1.378074958e+05,-1.602124431e-03,1.867404968e+06,3.218687231e+11,9.046085155e-01,-2.838914845e-01,3.103585155e-01,-3.065468127e-02,3.396646813e-01,2.804103194e-18,1.774646689e-23,2.804085448e-18
1.980000000e+01,-1.378357554e+05,-1.602129646e-03,2.077493747e+06,2.893194039e+11,9.018523656e-01,-2.866476344e-01,3.076023656e-01,-3.065468127e-02,3.396646813e-01,2.550593829e-18,2.003720484e-23,2.550573792e-18
2.000000000e+01,-1.378640150e+05,-1.602134335e-03,2.311268687e+06,2.600559839e+11,8.990956505e-01,-2.894043495e-01,3.048456505e-01,-3.065468127e-02,3.396646813e-01,2.399963577e-18,2.333353021e-23,2.399940243e-18
2.020000000e+01,-1.378922748e+05,-1.602138550e-03,2.571405927e+06,2.337473233e+11,8.963383701e-01,-2.921616299e-01,3.020883701e-01,-3.065468127e-02,3.396646813e-01,2.186121253e-18,2.627933223e-23,2.186094974e-18
2.040000000e+01,-1.379205346e+05,-1.602142339e-03,2.860884604e+06,2.100955948e+11,8.935805247e-01,-2.949194753e-01,2.993305247e-01,-3.065468127e-02,3.396646813e-01,1.968596454e-18,2.929234745e-23,1.968567162e-18
2.060000000e+01,-1.379487944e+05,-1.602145746e-03,3.183021230e+06,1.888329386e+11,8.908221140e-01,-2.976778860e-01,2.965721140e-01,-3.065468127e-02,3.396646813e-01,1.813501283e-18,3.342735667e-23,1.813467856e-18
2.080000000e+01,-1.379770543e+05,-1.602148809e-03,3.541507981e+06,1.697184520e+11,8.880631381e-01,-3.004368619e-01,2.938131381e-01,-3.065468127e-02,3.396646813e-01,1.645412141e-18,3.768838739e-23,1.645374452e-18
2.100000000e+01,-1.380053142e+05,-1.602151562e-03,3.940455338e+06,1.525354816e+11,8.853035970e-01,-3.031964030e-01,2.910535970e-01,-3.065468127e-02,3.396646813e-01,1.464289199e-18,4.159914638e-23,1.464247600e-18
2.120000000e+01,-1.380335742e+05,-1.602154037e-03,4.384439572e+06,1.370891861e+11,8.825434907e-01,-3.059565093e-01,2.882934907e-01,-3.065468127e-02,3.396646813e-01,1.276412099e-18,4.483792120e-23,1.276367261e-18
2.140000000e+01,-1.380618343e+05,-1.602156261e-03,4.878555649e+06,1.232043448e+11,8.797828192e-01,-3.087171808e-01,2.855328192e-01,-3.065468127e-02,3.396646813e-01,1.132373121e-18,4.952971043e-23,1.132323591e-18
2.160000000e+01,-1.380900943e+05,-1.602158261e-03,5.428476131e+06,1.107233850e+11,8.770215825e-01,-3.114784175e-01,2.827715825e-01,-3.065468127e-02,3.396646813e-01,1.022827364e-18,5.541809589e-23,1.022771946e-18
2.180000000e+01,-1.381183544e+05,-1.602160059e-03,6.040516804e+06,9.950460730e+10,8.742597806e-01,-3.142402194e-01,2.800097806e-01,-3.065468127e-02,3.396646813e-01,8.940024551e-19,5.972848025e-23,8.939427267e-19
2.200000000e+01,-1.381466146e+05,-1.602161674e-03,6.721709762e+06,8.942058996e+10,8.714974136e-01,-3.170025864e-01,2.772474136e-01,-3.065468127e-02,3.396646813e-01,7.934444630e-19,6.588253569e-23,7.933785805e-19
2.220000000e+01,-1.381748747e+05,-1.602163127e-03,7.479884818e+06,8.035675243e+10,8.687344813e-01,-3.197655187e-01,2.744844813e-01,-3.065468127e-02,3.396646813e-01,7.133076520e-19,7.324793525e-23,7.132344041e-19
2.240000000e+01,-1.382031349e+05,-1.602164432e-03,8.323760187e+06,7.221006360e+10,8.659709838e-01,-3.225290162e-01,2.717209838e-01,-3.065468127e-02,3.396646813e-01,6.313979607e-19,8.086257629e-23,6.313170981e-19
2.260000000e+01,-1.382313951e+05,-1.602165605e-03,9.263043501e+06,6.488787971e+10,8.632069211e-01,-3.252930789e-01,2.689569211e-01,-3.065468127e-02,3.396646813e-01,5.692048847e-19,9.013264450e-23,5.691147520e-19
2.280000000e+01,-1.382596553e+05,-1.602166660e-03,1.030854433e+07,5.830689896e+10,8.604422932e-01,-3.280577068e-01,2.661922932e-01,-3.065468127e-02,3.396646813e-01,5.060752686e-19,9.922772304e-23,5.059760409e-19
2.300000000e+01,-1.382879155e+05,-1.602167608e-03,1.147229952e+07,5.239222108e+10,8.576771001e-01,-3.308228999e-01,2.634271001e-01,-3.065468127e-02,3.396646813e-01,4.483912267e-19,1.098832027e-22,4.482813435e-19
2.320000000e+01,-1.383161758e+05,-1.602168460e-03,1.276771283e+07,4.707650152e+10,8.549113418e-01,-3.335886582e-01,2.606613418e-01,-3.065468127e-02,3.396646813e-01,4.065538331e-19,1.236329247e-22,4.064302001e-19
2.340000000e+01,-1.383444360e+05,-1.602169225e-03,1.420971051e+07,4.229919055e+10,8.521450182e-01,-3.363549818e-01,2.578950182e-01,-3.065468127e-02,3.396646813e-01,3.702218656e-19,1.391884783e-22,3.700826771e-19
2.360000000e+01,-1.383726963e+05,-1.602169913e-03,1.581491454e+07,3.800584891e+10,8.493781295e-01,-3.391218705e-01,2.551281295e-01,-3.065468127e-02,3.396646813e-01,3.314094807e-19,1.537186392e-22,3.312557620e-19
2.380000000e+01,-1.384009566e+05,-1.602170532e-03,1.760183573e+07,3.414753220e+10,8.466106756e-01,-3.418893244e-01,2.523606756e-01,-3.065468127e-02,3.396646813e-01,2.925146943e-19,1.687494387e-22,2.923459449e-19
2.400000000e+01,-1.384292169e+05,-1.602171088e-03,1.959108879e+07,3.068023727e+10,8.438426565e-01,-3.446573435e-01,2.495926565e-01,-3.065468127e-02,3.396646813e-01,2.603554188e-19,1.862600371e-22,2.601691587e-19
2.420000000e+01,-1.384574772e+05,-1.602171587e-03,2.180563193e+07,2.756440420e+10,8.410740721e-01,-3.474259279e-01,2.468240721e-01,-3.065468127e-02,3.396646813e-01,2.349554936e-19,2.086873927e-22,2.347468062e-19
2.440000000e+01,-1.384857375e+05,-1.602172036e-03,2.427103388e+07,2.476446844e+10,8.383049226e-01,-3.501950774e-01,2.440549226e-01,-3.065468127e-02,3.396646813e-01,2.078938101e-19,2.290029611e-22,2.076648071e-19
2.460000000e+01,-1.385139978e+05,-1.602172440e-03,2.701577128e+07,2.224845800e+10,8.355352078e-01,-3.529647922e-01,2.412852078e-01,-3.065468127e-02,3.396646813e-01,1.864127708e-19,2.564775936e-22,1.861562932e-19
2.480000000e+01,-1.385422581e+05,-1.602172802e-03,3.007156013e+07,1.998763117e+10,8.327649279e-01,-3.557350721e-01,2.385149279e-01,-3.065468127e-02,3.396646813e-01,1.713352706e-19,2.920427142e-22,1.710432279e-19
2.500000000e+01,-1.385705185e+05,-1.602173128e-03,3.347372505e+07,1.795615073e+10,8.299940827e-01,-3.585059173e-01,2.357440827e-01,-3.065468127e-02,3.396646813e-01,1.513840293e-19,3.188722722e-22,1.510651570e-19
2.520000000e+01,-1.385987788e+05,-1.602173422e-03,3.726161069e+07,1.613079095e+10,8.272226723e-01,-3.612773277e-01,2.329726723e-01,-3.065468127e-02,3.396646813e-01,1.358388801e-19,3.560454761e-22,1.354828346e-19
2.540000000e+01,-1.386270391e+05,-1.602173685e-03,4.147904019e+07,1.449067408e+10,8.244506968e-01,-3.640493032e-01,2.302006968e-01,-3.065468127e-02,3.396646813e-01,1.261295268e-19,4.076398844e-22,1.257218869e-19
2.560000000e+01,-1.386552995e+05,-1.602173922e-03,4.617482604e+07,1.301703339e+10,8.216781560e-01,-3.668218440e-01,2.274281560e-01,-3.065468127e-02,3.396646813e-01,1.141771624e-19,4.576539633e-22,1.137195084e-19
2.580000000e+01,-1.386835598e+05,-1.602174135e-03,5.140333926e+07,1.169300013e+10,8.189050500e-01,-3.695949500e-01,2.246550500e-01,-3.065468127e-02,3.396646813e-01,1.013902162e-19,5.051786245e-22,1.008850376e-19
2.600000000e+01,-1.387118202e+05,-1.602174326e-03,5.722514373e+07,1.050341184e+10,8.161313788e-01,-3.723686212e-01,2.218813788e-01,-3.065468127e-02,3.396646813e-01,9.040371530e-20,5.564779150e-22,8.984723738e-20
2.620000000e+01,-1.387400805e+05,-1.602174499e-03,6.370770301e+07,9.434640147e+09,8.133571424e-01,-3.751428576e-01,2.191071424e-01,-3.065468127e-02,3.396646813e-01,8.041187498e-20,6.106722310e-22,7.980120275e-20
2.640000000e+01,-1.387683409e+05,-1.602174654e-03,7.092616802e+07,8.474435730e+09,8.105823408e-01,-3.779176592e-01,2.163323408e-01,-3.065468127e-02,3.396646813e-01,7.204119187e-20,6.830956405e-22,7.135809623e-20
2.660000000e+01,-1.387966012e+05,-1.602174793e-03,7.896425481e+07,7.611789080e+09,8.078069740e-01,-3.806930260e-01,2.135569740e-01,-3.065468127e-02,3.396646813e-01,6.579906474e-20,7.693386520e-22,6.502972609e-20
2.680000000e+01,-1.388248616e+05,-1.602174919e-03,8.791522281e+07,6.836805200e+09,8.050310419e-01,-3.834689581e-01,2.107810419e-01,-3.065468127e-02,3.396646813e-01,5.964882967e-20,8.577162996e-22,5.879111337e-20
2.700000000e+01,-1.388531220e+05,-1.602175032e-03,9.788296494e+07,6.140590989e+09,8.022545447e-01,-3.862454553e-01,2.080045447e-01,-3.065468127e-02,3.396646813e-01,5.308641275e-20,9.518613467e-22,5.213455141e-20
2.720000000e+01,-1.388813823e+05,-1.602175134e-03,1.089832226e+08,5.515153965e+09,7.994774823e-01,-3.890225177e-01,2.052274823e-01,-3.065468127e-02,3.396646813e-01,4.774201287e-20,1.055434439e-21,4.668657843e-20
2.740000000e+01,-1.389096427e+05,-1.602175226e-03,1.213449399e+08,4.953311223e+09,7.966998546e-01,-3.918001454e-01,2.024498546e-01,-3.065468127e-02,3.396646813e-01,4.289906849e-20,1.161203129e-21,4.173786536e-20
2.760000000e+01,-1.389379031e+05,-1.602175309e-03,1.351117723e+08,4.448607566e+09,7.939216618e-01,-3.945783382e-01,1.996716618e-01,-3.065468127e-02,3.396646813e-01,3.868641747e-20,1.294702183e-21,3.739171529e-20
2.780000000e+01,-1.389661634e+05,-1.602175384e-03,1.504437693e+08,3.995241913e+09,7.911429037e-01,-3.973570963e-01,1.968929037e-01,-3.065468127e-02,3.396646813e-01,3.515501143e-20,1.454253796e-21,3.370075763e-20
2.800000000e+01,-1.389944238e+05,-1.602175452e-03,1.675192485e+08,3.588001128e+09,7.883635804e-01,-4.001364196e-01,1.941135804e-01,-3.065468127e-02,3.396646813e-01,3.171981224e-20,1.614369316e-21,3.010544292e-20
2.820000000e+01,-1.390226842e+05,-1.602175514e-03,1.865368854e+08,3.222200538e+09,7.855836920e-01,-4.029163080e-01,1.913336920e-01,-3.065468127e-02,3.396646813e-01,2.876063228e-20,1.797045562e-21,2.696358672e-20
2.840000000e+01,-1.390509445e+05,-1.602175570e-03,2.077180426e+08,2.893630448e+09,7.828032383e-01,-4.056967617e-01,1.885532383e-01,-3.065468127e-02,3.396646813e-01,2.639201768e-20,2.013417175e-21,2.437860050e-20
2.860000000e+01,-1.390792049e+05,-1.602175621e-03,2.313093651e+08,2.598508072e+09,7.800222194e-01,-4.084777806e-01,1.857722194e-01,-3.065468127e-02,3.396646813e-01,2.424278879e-20,2.248930774e-21,2.199385802e-20
2.880000000e+01,-1.391074653e+05,-1.602175667e-03,2.575856749e+08,2.333434314e+09,7.772406353e-01,-4.112593647e-01,1.829906353e-01,-3.065468127e-02,3.396646813e-01,2.204288847e-20,2.488924626e-21,1.955396385e-20
2.900000000e+01,-1.391357257e+05,-1.602175710e-03,2.868531956e+08,2.095354912e+09,7.744584860e-01,-4.140415140e-01,1.802084860e-01,-3.065468127e-02,3.396646813e-01,2.033409725e-20,2.762956551e-21,1.757114070e-20
2.920000000e+01,-1.391639860e+05,-1.602175750e-03,3.194531484e+08,1.881525524e+09,7.716757715e-01,-4.168242285e-01,1.774257715e-01,-3.065468127e-02,3.396646813e-01,1.896786137e-20,3.100789709e-21,1.586707166e-20
2.940000000e+01,-1.391922464e+05,-1.602175786e-03,3.557657603e+08,1.689480326e+09,7.688924918e-01,-4.196075082e-01,1.746424918e-01,-3.065468127e-02,3.396646813e-01,1.768094635e-20,3.469375395e-21,1.421157096e-20
2.960000000e+01,-1.392205068e+05,-1.602175820e-03,3.962147315e+08,1.517003798e+09,7.661086468e-01,-4.223913532e-01,1.718586468e-01,-3.065468127e-02,3.396646813e-01,1.663849552e-20,3.853995652e-21,1.278449987e-20
2.980000000e+01,-1.392487672e+05,-1.602175852e-03,4.412722168e+08,1.362105362e+09,7.633242367e-01,-4.251757633e-01,1.690742367e-01,-3.065468127e-02,3.396646813e-01,1.584180318e-20,4.306773944e-21,1.153502923e-20
3.000000000e+01,-1.392770275e+05,-1.602175883e-03,4.914643780e+08,1.222996578e+09,7.605392613e-01,-4.279607387e-01,1.662892613e-01,-3.065468127e-02,3.396646813e-01,1.518877427e-20,4.828023288e-21,1.036075098e-20
3.020000000e+01,-1.393052879e+05,-1.602175912e-03,5.473775744e+08,1.098070657e+09,7.577537208e-01,-4.307462792e-01,1.635037208e-01,-3.065468127e-02,3.396646813e-01,1.464593736e-20,5.358346261e-21,9.287591099e-21
3.040000000e+01,-1.393335483e+05,-1.602175940e-03,6.096652639e+08,9.858840384e+08,7.549676150e-01,-4.335323850e-01,1.607176150e-01,-3.065468127e-02,3.396646813e-01,1.430864664e-20,5.979975378e-21,8.328671262e-21
3.060000000e+01,-1.393618087e+05,-1.602175967e-03,6.790556973e+08,8.851398417e+08,7.521809441e-01,-4.363190559e-01,1.579309441e-01,-3.065468127e-02,3.396646813e-01,1.420333700e-20,6.693311844e-21,7.510025155e-21
3.080000000e+01,-1.393900691e+05,-1.602175994e-03,7.563604964e+08,7.946729837e+08,7.493937079e-01,-4.391062921e-01,1.551437079e-01,-3.065468127e-02,3.396646813e-01,1.422337844e-20,7.468751654e-21,6.754626785e-21
3.100000000e+01,-1.394183294e+05,-1.602176021e-03,8.424842181e+08,7.134368094e+08,7.466059065e-01,-4.418940935e-01,1.523559065e-01,-3.065468127e-02,3.396646813e-01,1.439920587e-20,8.336576903e-21,6.062628962e-21
3.120000000e+01,-1.394465898e+05,-1.602176048e-03,9.384350178e+08,6.404910741e+08,7.438175399e-01,-4.446824601e-01,1.495675399e-01,-3.065468127e-02,3.396646813e-01,1.467116455e-20,9.236983467e-21,5.434181081e-21
3.140000000e+01,-1.394748502e+05,-1.602176075e-03,1.045336539e+09,5.749911440e+08,7.410286081e-01,-4.474713919e-01,1.467786081e-01,-3.065468127e-02,3.396646813e-01,1.523105448e-20,1.033579288e-20,4.895261607e-21
3.160000000e+01,-1.395031106e+05,-1.602176104e-03,1.164441171e+09,5.161782901e+08,7.382391111e-01,-4.502608889e-01,1.439891111e-01,-3.065468127e-02,3.396646813e-01,1.598292837e-20,1.158856369e-20,4.394364682e-21
3.180000000e+01,-1.395313710e+05,-1.602176134e-03,1.297144828e+09,4.633709663e+08,7.354490489e-01,-4.530509511e-01,1.411990489e-01,-3.065468127e-02,3.396646813e-01,1.687996507e-20,1.293545302e-20,3.944512053e-21
3.200000000e+01,-1.395596314e+05,-1.602176165e-03,1.445003436e+09,4.159569712e+08,7.326584215e-01,-4.558415785e-01,1.384084215e-01,-3.065468127e-02,3.396646813e-01,1.795933469e-20,1.440704935e-20,3.552285337e-21
3.220000000e+01,-1.395878917e+05,-1.602176198e-03,1.609751305e+09,3.733864048e+08,7.298672289e-01,-4.586327711e-01,1.356172289e-01,-3.065468127e-02,3.396646813e-01,1.925632007e-20,1.606441306e-20,3.191907012e-21
3.240000000e+01,-1.396161521e+05,-1.602176234e-03,1.793321632e+09,3.351653388e+08,7.270754710e-01,-4.614245290e-01,1.328254710e-01,-3.065468127e-02,3.396646813e-01,2.090604062e-20,1.802963684e-20,2.876403783e-21
3.260000000e+01,-1.396444125e+05,-1.602176272e-03,1.997869347e+09,3.008501298e+08,7.242831480e-01,-4.642168520e-01,1.300331480e-01,-3.065468127e-02,3.396646813e-01,2.257987205e-20,1.999993405e-20,2.579938001e-21
3.280000000e+01,-1.396726729e+05,-1.602176313e-03,2.225796602e+09,2.700423084e+08,7.214902597e-01,-4.670097403e-01,1.272402597e-01,-3.065468127e-02,3.396646813e-01,2.472330837e-20,2.240129734e-20,2.322011026e-21
3.300000000e+01,-1.397009333e+05,-1.602176358e-03,2.479781191e+09,2.423839872e+08,7.186968063e-01,-4.698031937e-01,1.244468063e-01,-3.065468127e-02,3.396646813e-01,2.727057809e-20,2.517436922e-20,2.096208871e-21
3.320000000e+01,-1.397291937e+05,-1.602176408e-03,2.762808244e+09,2.175537350e+08,7.159027876e-01,-4.725972124e-01,1.216527876e-01,-3.065468127e-02,3.396646813e-01,2.983085972e-20,2.795423957e-20,1.876620150e-21
3.340000000e+01,-1.397574540e+05,-1.602176462e-03,3.078205571e+09,1.952628695e+08,7.131082037e-01,-4.753917963e-01,1.188582037e-01,-3.065468127e-02,3.396646813e-01,3.259059190e-20,3.092408118e-20,1.666510722e-21
3.360000000e+01,-1.397857144e+05,-1.602176521e-03,3.429683085e+09,1.752521261e+08,7.103130547e-01,-4.781869453e-01,1.160630547e-01,-3.065468127e-02,3.396646813e-01,3.581785001e-20,3.432919475e-20,1.488655264e-21
3.380000000e+01,-1.398139748e+05,-1.602176587e-03,3.821376761e+09,1.572886659e+08,7.075173404e-01,-4.809826596e-01,1.132673404e-01,-3.065468127e-02,3.396646813e-01,3.944309311e-20,3.810973710e-20,1.333356009e-21
3.400000000e+01,-1.398422352e+05,-1.602176660e-03,4.257897672e+09,1.411633860e+08,7.047210609e-01,-4.837789391e-01,1.104710609e-01,-3.065468127e-02,3.396646813e-01,4.352234460e-20,4.232819806e-20,1.194146537e-21
3.420000000e+01,-1.398704956e+05,-1.602176740e-03,4.744386668e+09,1.266885046e+08,7.019242162e-01,-4.865757838e-01,1.076742162e-01,-3.065468127e-02,3.396646813e-01,4.849177294e-20,4.741583308e-20,1.075939860e-21
3.440000000e+01,-1.398987560e+05,-1.602176829e-03,5.286575376e+09,1.136953906e+08,6.991268063e-01,-4.893731937e-01,1.048768063e-01,-3.065468127e-02,3.396646813e-01,5.396896908e-20,5.300648253e-20,9.624865443e-22
3.460000000e+01,-1.399270164e+05,-1.602176927e-03,5.890854224e+09,1.020326135e+08,6.963288311e-01,-4.921711689e-01,1.020788311e-01,-3.065468127e-02,3.396646813e-01,5.984198522e-20,5.897841159e-20,8.635736311e-22
3.480000000e+01,-1.399552768e+05,-1.602177037e-03,6.564348322e+09,9.156419236e+07,6.935302908e-01,-4.949697092e-01,9.928029081e-02,-3.065468127e-02,3.396646813e-01,6.647992837e-20,6.570233265e-20,7.775957249e-22
3.500000000e+01,-1.399835372e+05,-1.602177159e-03,7.315002096e+09,8.216802190e+07,6.907311853e-01,-4.977688147e-01,9.648118528e-02,-3.065468127e-02,3.396646813e-01,7.362831839e-20,7.293352972e-20,6.947886687e-22
3.520000000e+01,-1.400117976e+05,-1.602177294e-03,8.151673699e+09,7.373445929e+07,6.879315145e-01,-5.005684855e-01,9.368151453e-02,-3.065468127e-02,3.396646813e-01,8.116807050e-20,8.054964749e-20,6.184230070e-22
3.540000000e+01,-1.400400580e+05,-1.602177445e-03,9.084240310e+09,6.616505420e+07,6.851312786e-01,-5.033687214e-01,9.088127858e-02,-3.065468127e-02,3.396646813e-01,8.909991787e-20,8.855140773e-20,5.485101411e-22
3.560000000e+01,-1.400683184e+05,-1.602177612e-03,1.012371561e+10,5.937140826e+07,6.823304774e-01,-5.061695226e-01,8.808047742e-02,-3.065468127e-02,3.396646813e-01,9.904054254e-20,9.854894863e-20,4.915939050e-22
3.580000000e+01,-1.400965788e+05,-1.602177799e-03,1.128238080e+10,5.327415046e+07,6.795291111e-01,-5.089708889e-01,8.527911105e-02,-3.065468127e-02,3.396646813e-01,1.102421509e-19,1.098042609e-19,4.378900250e-22
3.600000000e+01,-1.401248392e+05,-1.602178007e-03,1.257393081e+10,4.780201683e+07,6.767271795e-01,-5.117728205e-01,8.247717947e-02,-3.065468127e-02,3.396646813e-01,1.214664385e-19,1.210798514e-19,3.865870677e-22
3.620000000e+01,-1.401530997e+05,-1.602178238e-03,1.401363733e+10,4.289102381e+07,6.739246827e-01,-5.145753173e-01,7.967468269e-02,-3.065468127e-02,3.396646813e-01,1.354552356e-19,1.351069165e-19,3.483191523e-22
3.640000000e+01,-1.401813601e+05,-1.602178496e-03,1.561853073e+10,3.848372570e+07,6.711216207e-01,-5.173783793e-01,7.687162070e-02,-3.065468127e-02,3.396646813e-01,1.529557421e-19,1.526383641e-19,3.173779236e-22
3.660000000e+01,-1.402096205e+05,-1.602178783e-03,1.740760302e+10,3.452854777e+07,6.683179935e-01,-5.201820065e-01,7.406799349e-02,-3.065468127e-02,3.396646813e-01,1.719788153e-19,1.716924068e-19,2.864085172e-22
3.680000000e+01,-1.402378809e+05,-1.602179104e-03,1.940203425e+10,3.097918728e+07,6.655138011e-01,-5.229861989e-01,7.126380108e-02,-3.065468127e-02,3.396646813e-01,1.950240912e-19,1.947625397e-19,2.615515570e-22
3.700000000e+01,-1.402661414e+05,-1.602179460e-03,2.162544508e+10,2.779407546e+07,6.627090435e-01,-5.257909565e-01,6.845904347e-02,-3.065468127e-02,3.396646813e-01,2.206011892e-19,2.203624689e-19,2.387202396e-22
3.720000000e+01,-1.402944018e+05,-1.602179858e-03,2.410417865e+10,2.493589436e+07,6.599037206e-01,-5.285962794e-01,6.565372064e-02,-3.065468127e-02,3.396646813e-01,2.452168056e-19,2.450042131e-19,2.125925101e-22
3.740000000e+01,-1.403226623e+05,-1.602180301e-03,2.686761494e+10,2.237114288e+07,6.570978326e-01,-5.314021674e-01,6.284783260e-02,-3.065468127e-02,3.396646813e-01,2.693714383e-19,2.691829458e-19,1.884924833e-22
3.760000000e+01,-1.403509228e+05,-1.602180795e-03,2.994852160e+10,2.006974703e+07,6.542913794e-01,-5.342086206e-01,6.004137936e-02,-3.065468127e-02,3.396646813e-01,2.995619522e-19,2.993934796e-19,1.684726182e-22
3.780000000e+01,-1.403791832e+05,-1.602181346e-03,3.338344538e+10,1.800470999e+07,6.514843609e-01,-5.370156391e-01,5.723436090e-02,-3.065468127e-02,3.396646813e-01,3.292953638e-19,3.291456964e-19,1.496674549e-22
3.800000000e+01,-1.404074437e+05,-1.602181960e-03,3.721314882e+10,1.615179773e+07,6.486767772e-01,-5.398232228e-01,5.442677724e-02,-3.065468127e-02,3.396646813e-01,3.605697039e-19,3.604388556e-19,1.308482491e-22
3.820000000e+01,-1.404357042e+05,-1.602182644e-03,4.148309757e+10,1.448925677e+07,6.458686284e-01,-5.426313716e-01,5.161862836e-02,-3.065468127e-02,3.396646813e-01,4.079219674e-19,4.078029765e-19,1.189908821e-22
3.840000000e+01,-1.404639647e+05,-1.602183407e-03,4.624400414e+10,1.299756074e+07,6.430599143e-01,-5.454400857e-01,4.880991428e-02,-3.065468127e-02,3.396646813e-01,4.493178996e-19,4.492115956e-19,1.063040100e-22
3.860000000e+01,-1.404922252e+05,-1.602184258e-03,5.155243459e+10,1.165918268e+07,6.402506350e-01,-5.482493650e-01,4.600063498e-02,-3.065468127e-02,3.396646813e-01,4.837373513e-19,4.836453852e-19,9.196611840e-23
3.880000000e+01,-1.405204858e+05,-1.602185206e-03,5.747148560e+10,1.045839073e+07,6.374407905e-01,-5.510592095e-01,4.319079048e-02,-3.065468127e-02,3.396646813e-01,5.422968429e-19,5.422142959e-19,8.254706272e-23
3.900000000e+01,-1.405487463e+05,-1.602186264e-03,6.407153993e+10,9.381064559e+06,6.346303808e-01,-5.538696192e-01,4.038038076e-02,-3.065468127e-02,3.396646813e-01,6.200160821e-19,6.199400847e-19,7.599741386e-23
3.920000000e+01,-1.405770069e+05,-1.602187443e-03,7.143110953e+10,8.414530538e+06,6.318194058e-01,-5.566805942e-01,3.756940584e-02,-3.065468127e-02,3.396646813e-01,6.998328104e-19,6.997635725e-19,6.923796846e-23
3.940000000e+01,-1.406052675e+05,-1.602188758e-03,7.963777631e+10,7.547413807e+06,6.290078657e-01,-5.594921343e-01,3.475786570e-02,-3.065468127e-02,3.396646813e-01,7.827514499e-19,7.826893866e-19,6.206324950e-23
3.960000000e+01,-1.406335282e+05,-1.602190225e-03,8.878924212e+10,6.769505383e+06,6.261957603e-01,-5.623042397e-01,3.194576035e-02,-3.065468127e-02,3.396646813e-01,8.717931508e-19,8.717375471e-19,5.560371828e-23
3.980000000e+01,-1.406617888e+05,-1.602191860e-03,9.899450040e+10,6.071642869e+06,6.233830898e-01,-5.651169102e-01,2.913308978e-02,-3.065468127e-02,3.396646813e-01,9.427888019e-19,9.427401755e-19,4.862645089e-23
4.000000000e+01,-1.400965815e+05,3.204350232e-02,1.103751438e+11,5.445603344e+06,6.205698540e-01,-5.679301460e-01,2.631985401e-02,-3.065468127e-02,3.396646813e-01,1.010572333e-18,1.010530639e-18,4.169376464e-23
4.020000000e+01,-1.395313743e+05,3.204350029e-02,1.230103335e+11,4.886250085e+06,6.177679224e-01,-5.707320776e-01,2.351792238e-02,-3.065468127e-02,3.396646813e-01,1.119337373e-18,1.119300570e-18,3.680320809e-23
4.040000000e+01,-1.389661671e+05,3.204349805e-02,1.370320038e+11,4.386269163e+06,6.149772949e-01,-5.735227051e-01,2.072729489e-02,-3.065468127e-02,3.396646813e-01,1.192174671e-18,1.192142772e-18,3.189877783e-23
4.060000000e+01,-1.384009599e+05,3.204349555e-02,1.525852381e+11,3.939170395e+06,6.121979715e-01,-5.763020285e-01,1.794797155e-02,-3.065468127e-02,3.396646813e-01,1.294038128e-18,1.294010372e-18,2.775586065e-23
4.080000000e+01,-1.378357528e+05,3.204349279e-02,1.698294996e+11,3.539192272e+06,6.094299523e-01,-5.790700477e-01,1.517995235e-02,-3.065468127e-02,3.396646813e-01,1.478447285e-18,1.478421873e-18,2.541285752e-23
4.100000000e+01,-1.372705458e+05,3.204348973e-02,1.889399688e+11,3.181218120e+06,6.066732373e-01,-5.818267627e-01,1.242323729e-02,-3.065468127e-02,3.396646813e-01,1.676350574e-18,1.676327459e-18,2.311507091e-23
4.120000000e+01,-1.367053388e+05,3.204348634e-02,2.101089962e+11,2.860702128e+06,6.039278264e-01,-5.845721736e-01,9.677826378e-03,-3.065468127e-02,3.396646813e-01,1.830159377e-18,1.830138774e-18,2.060326356e-23
4.140000000e+01,-1.361401318e+05,3.204348258e-02,2.335476789e+11,2.573604051e+06,6.011937196e-01,-5.873062804e-01,6.943719603e-03,-3.065468127e-02,3.396646813e-01,2.009733441e-18,2.009715201e-18,1.824040847e-23
4.160000000e+01,-1.355749250e+05,3.204347843e-02,2.594875717e+11,2.316331562e+06,5.984709170e-01,-5.900290830e-01,4.220916966e-03,-3.065468127e-02,3.396646813e-01,2.202865585e-18,2.202849402e-18,1.618328077e-23
4.180000000e+01,-1.350097182e+05,3.204347383e-02,2.881825419e+11,2.085689329e+06,5.957594185e-01,-5.927405815e-01,1.509418466e-03,-3.065468127e-02,3.396646813e-01,2.422159475e-18,2.422145094e-18,1.438105733e-23
4.200000000e+01,-1.344445115e+05,3.204346874e-02,3.199107785e+11,1.878834015e+06,5.930592241e-01,-5.954407759e-01,-1.190775898e-03,-3.065468127e-02,3.396646813e-01,2.822329289e-18,2.822315750e-18,1.353915268e-23
4.220000000e+01,-1.338793049e+05,3.204346313e-02,3.549769689e+11,1.693234506e+06,5.903703339e-01,-5.981296661e-01,-3.879666128e-03,-3.065468127e-02,3.396646813e-01,3.191480200e-18,3.191467740e-18,1.245981920e-23
4.240000000e+01,-1.333140985e+05,3.204345692e-02,3.937146545e+11,1.526636730e+06,5.876927478e-01,-6.008072522e-01,-6.557252227e-03,-3.065468127e-02,3.396646813e-01,3.613322650e-18,3.613311273e-18,1.137754890e-23
4.260000000e+01,-1.327488921e+05,3.204345007e-02,4.364887779e+11,1.377032544e+06,5.850264658e-01,-6.034735342e-01,-9.223534196e-03,-3.065468127e-02,3.396646813e-01,4.063042480e-18,4.063032057e-18,1.042330602e-23
4.280000000e+01,-1.321836859e+05,3.204344250e-02,4.836984373e+11,1.242632198e+06,5.823714880e-01,-6.061285120e-01,-1.187851204e-02,-3.065468127e-02,3.396646813e-01,4.464770881e-18,4.464761598e-18,9.282939571e-24
4.300000000e+01,-1.316184798e+05,3.204343416e-02,5.357798613e+11,1.121839949e+06,5.797278142e-01,-6.087721858e-01,-1.452218576e-02,-3.065468127e-02,3.396646813e-01,4.953748076e-18,4.953739727e-18,8.349608596e-24
4.320000000e+01,-1.310532739e+05,3.204342496e-02,5.932096210e+11,1.013232475e+06,5.770954446e-01,-6.114045554e-01,-1.715455535e-02,-3.065468127e-02,3.396646813e-01,5.666905708e-18,5.666897900e-18,7.808166806e-24
4.340000000e+01,-1.304880682e+05,3.204341482e-02,6.565080958e+11,9.155397417e+05,5.744743792e-01,-6.140256208e-01,-1.977562083e-02,-3.065468127e-02,3.396646813e-01,6.281959108e-18,6.281952014e-18,7.094175754e-24
4.360000000e+01,-1.299228626e+05,3.204340364e-02,7.262432109e+11,8.276280501e+05,5.718646178e-01,-6.166353822e-01,-2.238538219e-02,-3.065468127e-02,3.396646813e-01,6.763706125e-18,6.763699918e-18,6.206996989e-24
4.380000000e+01,-1.293576573e+05,3.204339134e-02,8.030344643e+11,7.484850018e+05,5.692661606e-01,-6.192338394e-01,-2.498383944e-02,-3.065468127e-02,3.396646813e-01,7.402868598e-18,7.402863017e-18,5.581428321e-24
4.400000000e+01,-1.287924522e+05,3.204337780e-02,8.875572650e+11,6.772061659e+05,5.666790074e-01,-6.218209926e-01,-2.757099259e-02,-3.065468127e-02,3.396646813e-01,8.218092487e-18,8.218087427e-18,5.059935938e-24
4.420000000e+01,-1.282272474e+05,3.204336290e-02,9.805476014e+11,6.129832470e+05,5.641031584e-01,-6.243968416e-01,-3.014684163e-02,-3.065468127e-02,3.396646813e-01,8.934448472e-18,8.934444001e-18,4.470963235e-24
4.440000000e+01,-1.276620429e+05,3.204334652e-02,1.082807063e+12,5.550935833e+05,5.615386134e-01,-6.269613866e-01,-3.271138658e-02,-3.065468127e-02,3.396646813e-01,9.914992988e-18,9.914988949e-18,4.039422407e-24
4.460000000e+01,-1.270968386e+05,3.204332851e-02,1.195208238e+12,5.028908212e+05,5.589853726e-01,-6.295146274e-01,-3.526462744e-02,-3.065468127e-02,3.396646813e-01,1.091866993e-17,1.091866623e-17,3.699606409e-24
4.480000000e+01,-1.265316348e+05,3.204330872e-02,1.318700516e+12,4.557966310e+05,5.564434358e-01,-6.320565642e-01,-3.780656421e-02,-3.065468127e-02,3.396646813e-01,1.231183895e-17,1.231183556e-17,3.385479712e-24
4.500000000e+01,-1.259664313e+05,3.204328699e-02,1.454316309e+12,4.132933454e+05,5.539128031e-01,-6.345871969e-01,-4.033719691e-02,-3.065468127e-02,3.396646813e-01,1.465766090e-17,1.465765758e-17,3.323116339e-24
4.520000000e+01,-1.254012282e+05,3.204326314e-02,1.603177735e+12,3.749174151e+05,5.513934745e-01,-6.371065255e-01,-4.285652553e-02,-3.065468127e-02,3.396646813e-01,1.614005619e-17,1.614005316e-17,3.027674451e-24
4.540000000e+01,-1.248360256e+05,3.204323698e-02,1.766503783e+12,3.402535892e+05,5.488854499e-01,-6.396145501e-01,-4.536455010e-02,-3.065468127e-02,3.396646813e-01,1.738459860e-17,1.738459595e-17,2.651549642e-24
4.560000000e+01,-1.242708236e+05,3.204320828e-02,1.945617981e+12,3.089297377e+05,5.463887294e-01,-6.421112706e-01,-4.786127061e-02,-3.065468127e-02,3.396646813e-01,1.927145875e-17,1.927145633e-17,2.414575374e-24
4.580000000e+01,-1.237056220e+05,3.204317682e-02,2.141956622e+12,2.806122432e+05,5.439033129e-01,-6.445966871e-01,-5.034668708e-02,-3.065468127e-02,3.396646813e-01,2.159381919e-17,2.159381695e-17,2.230440645e-24
4.600000000e+01,-1.231404211e+05,3.204314235e-02,2.357077556e+12,2.550018989e+05,5.414292005e-01,-6.470707995e-01,-5.282079952e-02,-3.065468127e-02,3.396646813e-01,2.421334618e-17,2.421334410e-17,2.072594271e-24
4.620000000e+01,-1.225752208e+05,3.204310461e-02,2.592669595e+12,2.318302546e+05,5.389663921e-01,-6.495336079e-01,-5.528360795e-02,-3.065468127e-02,3.396646813e-01,2.663395154e-17,2.663394965e-17,1.894277867e-24
4.640000000e+01,-1.220100213e+05,3.204306329e-02,2.850562570e+12,2.108563618e+05,5.365148876e-01,-6.519851124e-01,-5.773511236e-02,-3.065468127e-02,3.396646813e-01,2.935362360e-17,2.935362189e-17,1.708827312e-24
4.660000000e+01,-1.214448226e+05,3.204301808e-02,3.132738060e+12,1.918638715e+05,5.340746872e-01,-6.544253128e-01,-6.017531279e-02,-3.065468127e-02,3.396646813e-01,3.158684196e-17,3.158684044e-17,1.519577525e-24
4.680000000e+01,-1.208796247e+05,3.204296864e-02,3.441340854e+12,1.746584479e+05,5.316457908e-01,-6.568542092e-01,-6.260420924e-02,-3.065468127e-02,3.396646813e-01,3.261087352e-17,3.261087222e-17,1.303012985e-24
4.700000000e+01,-1.203144278e+05,3.204291459e-02,3.778691176e+12,1.590654606e+05,5.292281983e-01,-6.592718017e-01,-6.502180173e-02,-3.065468127e-02,3.396646813e-01,3.587281516e-17,3.587281399e-17,1.173357237e-24
4.720000000e+01,-1.197492319e+05,3.204285553e-02,4.147297701e+12,1.449279255e+05,5.268219097e-01,-6.616780903e-01,-6.742809029e-02,-3.065468127e-02,3.396646813e-01,4.312506914e-17,4.312506796e-17,1.178028662e-24
4.740000000e+01,-1.191840372e+05,3.204279103e-02,4.549871439e+12,1.321046673e+05,5.244269251e-01,-6.640730749e-01,-6.982307493e-02,-3.065468127e-02,3.396646813e-01,4.882291240e-17,4.882291129e-17,1.111935480e-24
4.760000000e+01,-1.186188437e+05,3.204272062e-02,4.989340493e+12,1.204686778e+05,5.220432443e-01,-6.664567557e-01,-7.220675567e-02,-3.065468127e-02,3.396646813e-01,5.404219978e-17,5.404219878e-17,1.008577236e-24
4.780000000e+01,-1.180536515e+05,3.204264379e-02,5.468865772e+12,1.099056509e+05,5.196708675e-01,-6.688291325e-01,-7.457913254e-02,-3.065468127e-02,3.396646813e-01,5.724872500e-17,5.724872410e-17,8.982268197e-25
4.800000000e+01,-1.174884609e+05,3.204256000e-02,5.991857681e+12,1.003126717e+05,5.173097944e-01,-6.711902056e-01,-7.694020557e-02,-3.065468127e-02,3.396646813e-01,5.725694835e-17,5.725694760e-17,7.487522648e-25
4.820000000e+01,-1.169232718e+05,3.204246865e-02,6.561993854e+12,9.159704594e+04,5.149600252e-01,-6.735399748e-01,-7.928997479e-02,-3.065468127e-02,3.396646813e-01,6.136338828e-17,6.136338761e-17,6.649364387e-25
4.840000000e+01,-1.163580846e+05,3.204236912e-02,7.183237970e+12,8.367525271e+04,5.126215598e-01,-6.758784402e-01,-8.162844023e-02,-3.065468127e-02,3.396646813e-01,6.769120268e-17,6.769120207e-17,6.097275347e-25
4.860000000e+01,-1.157928992e+05,3.204226071e-02,7.859859718e+12,7.647200765e+04,5.102943981e-01,-6.782056019e-01,-8.395560192e-02,-3.065468127e-02,3.396646813e-01,7.390131865e-17,7.390131810e-17,5.577850627e-25
4.880000000e+01,-1.152277159e+05,3.204214270e-02,8.596455945e+12,6.991942451e+04,5.079785401e-01,-6.805214599e-01,-8.627145990e-02,-3.065468127e-02,3.396646813e-01,8.323847366e-17,8.323847314e-17,5.226977769e-25
4.900000000e+01,-1.146625348e+05,3.204201428e-02,9.397973062e+12,6.395626467e+04,5.056739858e-01,-6.828260142e-01,-8.857601422e-02,-3.065468127e-02,3.396646813e-01,9.409706162e-17,9.409706113e-17,4.943248366e-25
4.920000000e+01,-1.140973563e+05,3.204187461e-02,1.026973075e+13,5.852726492e+04,5.033807351e-01,-6.851192649e-01,-9.086926492e-02,-3.065468127e-02,3.396646813e-01,1.070792641e-16,1.070792636e-16,4.667357441e-25
4.940000000e+01,-1.135321804e+05,3.204172277e-02,1.121744705e+13,5.358253531e+04,5.010987880e-01,-6.874012120e-01,-9.315121204e-02,-3.065468127e-02,3.396646813e-01,1.165484478e-16,1.165484474e-16,4.280208187e-25
4.960000000e+01,-1.129670074e+05,3.204155777e-02,1.224726480e+13,4.907701941e+04,4.988281443e-01,-6.896718557e-01,-9.542185565e-02,-3.065468127e-02,3.396646813e-01,1.358870624e-16,1.358870620e-16,4.139228378e-25
4.980000000e+01,-1.124018376e+05,3.204137857e-02,1.336577970e+13,4.497001044e+04,4.965688042e-01,-6.919311958e-01,-9.768119580e-02,-3.065468127e-02,3.396646813e-01,1.600806771e-16,1.600806767e-16,4.100166322e-25
5.000000000e+01,-1.118366712e+05,3.204118402e-02,1.458006971e+13,4.122471732e+04,4.943207674e-01,-6.941792326e-01,-9.992923255e-02,-3.065468127e-02,3.396646813e-01,1.741900186e-16,1.741900182e-16,3.770839165e-25
5.020000000e+01,-1.112715085e+05,3.204097290e-02,1.589772628e+13,3.780787528e+04,4.920840340e-01,-6.964159660e-01,-1.021659660e-01,-3.065468127e-02,3.396646813e-01,1.997391215e-16,1.997391211e-16,3.637221063e-25
5.040000000e+01,-1.107063499e+05,3.204074393e-02,1.732688704e+13,3.468939638e+04,4.898586039e-01,-6.986413961e-01,-1.043913961e-01,-3.065468127e-02,3.396646813e-01,2.223662011e-16,2.223662008e-16,3.417813642e-25
5.060000000e+01,-1.101411957e+05,3.204049569e-02,1.887627032e+13,3.184205578e+04,4.876444769e-01,-7.008555231e-01,-1.066055231e-01,-3.065468127e-02,3.396646813e-01,2.390353922e-16,2.390353919e-16,3.078236566e-25
5.080000000e+01,-1.095760462e+05,3.204022669e-02,2.055521146e+13,2.924120988e+04,4.854416529e-01,-7.030583471e-01,-1.088083471e-01,-3.065468127e-02,3.396646813e-01,2.551350524e-16,2.551350521e-16,2.772281233e-25
5.100000000e+01,-1.090109018e+05,3.203993534e-02,2.237370091e+13,2.686454310e+04,4.832501320e-01,-7.052498680e-01,-1.109998680e-01,-3.065468127e-02,3.396646813e-01,2.712591874e-16,2.712591872e-16,2.482924916e-25
5.120000000e+01,-1.084457630e+05,3.203961992e-02,2.434242427e+13,2.469184030e+04,4.810699140e-01,-7.074300860e-01,-1.131800860e-01,-3.065468127e-02,3.396646813e-01,3.019216053e-16,3.019216051e-16,2.330167779e-25
5.140000000e+01,-1.078806302e+05,3.203927859e-02,2.647280428e+13,2.270478209e+04,4.789009987e-01,-7.095990013e-01,-1.153490013e-01,-3.065468127e-02,3.396646813e-01,3.526275690e-16,3.526275688e-16,2.292836203e-25
5.160000000e+01,-1.073155040e+05,3.203890941e-02,2.877704489e+13,2.088676078e+04,4.767433861e-01,-7.117566139e-01,-1.175066139e-01,-3.065468127e-02,3.396646813e-01,3.846123929e-16,3.846123927e-16,2.122426006e-25
5.180000000e+01,-1.067503847e+05,3.203851029e-02,3.126817729e+13,1.922271474e+04,4.745970760e-01,-7.139029240e-01,-1.196529240e-01,-3.065468127e-02,3.396646813e-01,4.002196436e-16,4.002196434e-16,1.861664001e-25
5.200000000e+01,-1.061852731e+05,3.203807899e-02,3.396010825e+13,1.769897929e+04,4.724620683e-01,-7.160379317e-01,-1.217879317e-01,-3.065468127e-02,3.396646813e-01,4.230938638e-16,4.230938636e-16,1.669246574e-25
5.220000000e+01,-1.056201697e+05,3.203761315e-02,3.686767048e+13,1.630315245e+04,4.703383629e-01,-7.181616371e-01,-1.239116371e-01,-3.065468127e-02,3.396646813e-01,4.477677887e-16,4.477677885e-16,1.498062166e-25
5.240000000e+01,-1.050550752e+05,3.203711023e-02,4.000667538e+13,1.502397404e+04,4.682259595e-01,-7.202740405e-01,-1.260240405e-01,-3.065468127e-02,3.396646813e-01,4.833635661e-16,4.833635659e-16,1.384653240e-25
5.260000000e+01,-1.044899902e+05,3.203656752e-02,4.339396799e+13,1.385121666e+04,4.661248580e-01,-7.223751420e-01,-1.281251420e-01,-3.065468127e-02,3.396646813e-01,5.128292702e-16,5.128292700e-16,1.245342716e-25
5.280000000e+01,-1.039249156e+05,3.203598216e-02,4.704748434e+13,1.277558749e+04,4.640350582e-01,-7.244649418e-01,-1.302149418e-01,-3.065468127e-02,3.396646813e-01,5.288288445e-16,5.288288443e-16,1.088730893e-25
5.300000000e+01,-1.033598521e+05,3.203535110e-02,5.098631115e+13,1.178863971e+04,4.619565599e-01,-7.265434401e-01,-1.322934401e-01,-3.065468127e-02,3.396646813e-01,5.252470745e-16,5.252470745e-16,9.234309742e-26
5.320000000e+01,-1.027948006e+05,3.203467106e-02,5.523074798e+13,1.088269260e+04,4.598893628e-01,-7.286106372e-01,-1.343606372e-01,-3.065468127e-02,3.396646813e-01,5.215749316e-16,5.215749315e-16,7.795382921e-26
5.340000000e+01,-1.022297620e+05,3.203393861e-02,5.980237185e+13,1.005075942e+04,4.578334668e-01,-7.306665332e-01,-1.364165332e-01,-3.065468127e-02,3.396646813e-01,5.482737515e-16,5.482737515e-16,6.978794640e-26
5.360000000e+01,-1.016647373e+05,3.203315006e-02,6.472410429e+13,9.286482356e+03,4.557888716e-01,-7.327111284e-01,-1.384611284e-01,-3.065468127e-02,3.396646813e-01,5.894786690e-16,5.894786690e-16,6.462510991e-26
5.380000000e+01,-1.010997276e+05,3.203230152e-02,7.002028098e+13,8.584073701e+03,4.537555768e-01,-7.347444232e-01,-1.404944232e-01,-3.065468127e-02,3.396646813e-01,6.354154048e-16,6.354154047e-16,5.967455410e-26
5.400000000e+01,-1.005347340e+05,3.203138885e-02,7.571672391e+13,7.938262797e+03,4.517335823e-01,-7.367664177e-01,-1.425164177e-01,-3.065468127e-02,3.396646813e-01,6.909208379e-16,6.909208378e-16,5.472257830e-26
5.420000000e+01,-9.996975770e+04,3.203040766e-02,8.184081604e+13,7.344248037e+03,4.497228876e-01,-7.387771124e-01,-1.445271124e-01,-3.065468127e-02,3.396646813e-01,7.000442166e-16,7.000442166e-16,4.741041951e-26
5.440000000e+01,-9.940480000e+04,3.202935331e-02,8.842157857e+13,6.797653494e+03,4.477234924e-01,-7.407765076e-01,-1.465265076e-01,-3.065468127e-02,3.396646813e-01,6.726184928e-16,6.726184928e-16,3.924297604e-26
5.460000000e+01,-9.883986226e+04,3.202822086e-02,9.548975075e+13,6.294489699e+03,4.457353964e-01,-7.427646036e-01,-1.485146036e-01,-3.065468127e-02,3.396646813e-01,6.936612545e-16,6.936612544e-16,3.483123904e-26
5.480000000e+01,-9.827494597e+04,3.202700511e-02,1.030778722e+14,5.831118159e+03,4.437585992e-01,-7.447414008e-01,-1.504914008e-01,-3.065468127e-02,3.396646813e-01,7.218222201e-16,7.218222201e-16,3.106455333e-26
5.500000000e+01,-9.771005270e+04,3.202570054e-02,1.112203678e+14,5.404219246e+03,4.417931003e-01,-7.467068997e-01,-1.524568997e-01,-3.065468127e-02,3.396646813e-01,8.102817103e-16,8.102817103e-16,2.976267547e-26
5.520000000e+01,-9.714518410e+04,3.202430132e-02,1.199536351e+14,5.010763132e+03,4.398388992e-01,-7.486611008e-01,-1.544111008e-01,-3.065468127e-02,3.396646813e-01,1.007057323e-15,1.007057323e-15,3.199180889e-26
5.540000000e+01,-9.658034196e+04,3.202280128e-02,1.293161341e+14,4.647983461e+03,4.378959955e-01,-7.506040045e-01,-1.563540045e-01,-3.065468127e-02,3.396646813e-01,1.087368482e-15,1.087368482e-15,2.972591870e-26
5.560000000e+01,-9.601552818e+04,3.202119392e-02,1.393484794e+14,4.313353509e+03,4.359643887e-01,-7.525356113e-01,-1.582856113e-01,-3.065468127e-02,3.396646813e-01,1.049372909e-15,1.049372909e-15,2.468368777e-26
5.580000000e+01,-9.545074476e+04,3.201947237e-02,1.500935349e+14,4.004564572e+03,4.340440781e-01,-7.544559219e-01,-1.602059219e-01,-3.065468127e-02,3.396646813e-01,1.037857446e-15,1.037857446e-15,2.114257746e-26
5.600000000e+01,-9.488599384e+04,3.201762939e-02,1.615965109e+14,3.719506375e+03,4.321350632e-01,-7.563649368e-01,-1.621149368e-01,-3.065468127e-02,3.396646813e-01,1.165399817e-15,1.165399817e-15,2.048699647e-26
5.620000000e+01,-9.432127771e+04,3.201565735e-02,1.739050627e+14,3.456249306e+03,4.302373434e-01,-7.582626566e-01,-1.640126566e-01,-3.065468127e-02,3.396646813e-01,1.297190464e-15,1.297190464e-15,1.983200584e-26
5.640000000e+01,-9.375659879e+04,3.201354819e-02,1.870693922e+14,3.213028306e+03,4.283509178e-01,-7.601490822e-01,-1.658990822e-01,-3.065468127e-02,3.396646813e-01,1.342439672e-15,1.342439672e-15,1.752634251e-26
5.660000000e+01,-9.319195963e+04,3.201129346e-02,2.011423508e+14,2.988228237e+03,4.264757858e-01,-7.620242142e-01,-1.677742142e-01,-3.065468127e-02,3.396646813e-01,1.559142131e-15,1.559142131e-15,1.772593693e-26
5.680000000e+01,-9.262736298e+04,3.200888423e-02,2.161795447e+14,2.780370610e+03,4.246119466e-01,-7.638880534e-01,-1.696380534e-01,-3.065468127e-02,3.396646813e-01,1.870177500e-15,1.870177500e-15,1.845715384e-26
5.700000000e+01,-9.206281170e+04,3.200631115e-02,2.322394414e+14,2.588101526e+03,4.227593994e-01,-7.657406006e-01,-1.714906006e-01,-3.065468127e-02,3.396646813e-01,2.142048394e-15,2.142048394e-15,1.828384640e-26
5.720000000e+01,-9.149830888e+04,3.200356438e-02,2.493834782e+14,2.410180725e+03,4.209181431e-01,-7.675818569e-01,-1.733318569e-01,-3.065468127e-02,3.396646813e-01,2.133266239e-15,2.133266239e-15,1.603970326e-26
5.740000000e+01,-9.093385775e+04,3.200063357e-02,2.676761723e+14,2.245471636e+03,4.190881770e-01,-7.694118230e-01,-1.751618230e-01,-3.065468127e-02,3.396646813e-01,2.214535303e-15,2.214535303e-15,1.432988119e-26
5.760000000e+01,-9.036946176e+04,3.199750787e-02,2.871852310e+14,2.092932323e+03,4.172694998e-01,-7.712305002e-01,-1.769805002e-01,-3.065468127e-02,3.396646813e-01,2.456266679e-15,2.456266679e-15,1.384269465e-26
5.780000000e+01,-8.980512454e+04,3.199417592e-02,3.079816644e+14,1.951607261e+03,4.154621106e-01,-7.730378894e-01,-1.787878894e-01,-3.065468127e-02,3.396646813e-01,2.640786796e-15,2.640786796e-15,1.282659128e-26
5.800000000e+01,-8.924084993e+04,3.199062578e-02,3.301398982e+14,1.820619852e+03,4.136660081e-01,-7.748339919e-01,-1.805839919e-01,-3.065468127e-02,3.396646813e-01,2.909717340e-15,2.909717340e-15,1.234196966e-26
5.820000000e+01,-8.867664202e+04,3.198684496e-02,3.537378865e+14,1.699165612e+03,4.118811911e-01,-7.766188089e-01,-1.823688089e-01,-3.065468127e-02,3.396646813e-01,3.441438695e-15,3.441438695e-15,1.267902727e-26
5.840000000e+01,-8.811250509e+04,3.198282040e-02,3.788572260e+14,1.586505974e+03,4.101076582e-01,-7.783923418e-01,-1.841423418e-01,-3.065468127e-02,3.396646813e-01,4.019057770e-15,4.019057770e-15,1.301633488e-26
5.860000000e+01,-8.754844370e+04,3.197853842e-02,4.055832697e+14,1.481962638e+03,4.083454081e-01,-7.801545919e-01,-1.859045919e-01,-3.065468127e-02,3.396646813e-01,4.033017872e-15,4.033017872e-15,1.152939557e-26
5.880000000e+01,-8.698446262e+04,3.197398472e-02,4.340052400e+14,1.384912432e+03,4.065944393e-01,-7.819055607e-01,-1.876555607e-01,-3.065468127e-02,3.396646813e-01,3.803933146e-15,3.803933146e-15,9.436472505e-27
5.900000000e+01,-8.642056692e+04,3.196914437e-02,4.642163420e+14,1.294782622e+03,4.048547500e-01,-7.836452500e-01,-1.893952500e-01,-3.065468127e-02,3.396646813e-01,4.090732427e-15,4.090732427e-15,8.746158464e-27
5.920000000e+01,-8.585676194e+04,3.196400178e-02,4.963138751e+14,1.211046643e+03,4.031263387e-01,-7.853736613e-01,-1.911236613e-01,-3.065468127e-02,3.396646813e-01,4.461918026e-15,4.461918026e-15,8.532327208e-27
5.940000000e+01,-8.529305327e+04,3.195854069e-02,5.303993441e+14,1.133220203e+03,4.014092034e-01,-7.870907966e-01,-1.928407966e-01,-3.065468127e-02,3.396646813e-01,4.786632380e-15,4.786632380e-15,7.949428253e-27
5.960000000e+01,-8.472944686e+04,3.195274414e-02,5.665785682e+14,1.060857728e+03,3.997033424e-01,-7.887966576e-01,-1.945466576e-01,-3.065468127e-02,3.396646813e-01,5.289428617e-15,5.289428617e-15,7.684159999e-27
5.980000000e+01,-8.416594891e+04,3.194659447e-02,6.049617880e+14,9.935491206e+02,3.980087534e-01,-7.904912466e-01,-1.962412466e-01,-3.065468127e-02,3.396646813e-01,5.680739046e-15,5.680739046e-15,7.234660403e-27
6.000000000e+01,-8.360256599e+04,3.194007330e-02,6.456637705e+14,9.309168021e+02,3.963254345e-01,-7.921745655e-01,-1.979245655e-01,-3.065468127e-02,3.396646813e-01,6.633551421e-15,6.633551421e-15,7.353387836e-27
6.020000000e+01,-8.303930499e+04,3.193316149e-02,6.888039108e+14,8.726130079e+02,3.946533831e-01,-7.938466169e-01,-1.995966169e-01,-3.065468127e-02,3.396646813e-01,7.625042423e-15,7.625042423e-15,7.485841914e-27
6.040000000e+01,-8.247617314e+04,3.192583916e-02,7.345063309e+14,8.183173204e+02,3.929925970e-01,-7.955074030e-01,-2.012574030e-01,-3.065468127e-02,3.396646813e-01,8.375333723e-15,8.375333723e-15,7.249128376e-27
6.060000000e+01,-8.191317805e+04,3.191808565e-02,7.828999745e+14,7.677344132e+02,3.913430736e-01,-7.971569264e-01,-2.029069264e-01,-3.065468127e-02,3.396646813e-01,9.389593342e-15,9.389593342e-15,7.158117672e-27
6.080000000e+01,-8.135032771e+04,3.190987950e-02,8.341186980e+14,7.205919900e+02,3.897048100e-01,-7.987951900e-01,-2.045451900e-01,-3.065468127e-02,3.396646813e-01,9.976197535e-15,9.976197535e-15,6.697664291e-27
6.100000000e+01,-8.078763050e+04,3.190119849e-02,8.883013563e+14,6.766388998e+02,3.880778035e-01,-8.004221965e-01,-2.061721965e-01,-3.065468127e-02,3.396646813e-01,1.092132655e-14,1.092132655e-14,6.435604790e-27
6.120000000e+01,-8.022509518e+04,3.189201954e-02,9.455918843e+14,6.356434128e+02,3.864620509e-01,-8.020379491e-01,-2.077879491e-01,-3.065468127e-02,3.396646813e-01,1.222631974e-14,1.222631974e-14,6.345632963e-27
6.140000000e+01,-7.966273098e+04,3.188231876e-02,1.006139371e+15,5.973916433e+02,3.848575490e-01,-8.036424510e-01,-2.093924510e-01,-3.065468127e-02,3.396646813e-01,1.331084880e-14,1.331084880e-14,6.110494705e-27
6.160000000e+01,-7.910054753e+04,3.187207145e-02,1.070098131e+15,5.616861061e+02,3.832642943e-01,-8.052357057e-01,-2.109857057e-01,-3.065468127e-02,3.396646813e-01,1.511452224e-14,1.511452224e-14,6.140155740e-27
6.180000000e+01,-7.853855492e+04,3.186125201e-02,1.137627764e+15,5.283443949e+02,3.816822834e-01,-8.068177166e-01,-2.125677166e-01,-3.065468127e-02,3.396646813e-01,1.713260262e-14,1.713260262e-14,6.130481398e-27
6.200000000e+01,-7.797676370e+04,3.184983403e-02,1.208893210e+15,4.971979721e+02,3.801115123e-01,-8.083884877e-01,-2.141384877e-01,-3.065468127e-02,3.396646813e-01,1.783932407e-14,1.783932407e-14,5.644159910e-27
6.220000000e+01,-7.741518493e+04,3.183779022e-02,1.284064800e+15,4.680910593e+02,3.785519770e-01,-8.099480230e-01,-2.156980230e-01,-3.065468127e-02,3.396646813e-01,1.938199766e-14,1.938199766e-14,5.435911031e-27
6.240000000e+01,-7.685383013e+04,3.182509242e-02,1.363318291e+15,4.408796217e+02,3.770036733e-01,-8.114963267e-01,-2.172463267e-01,-3.065468127e-02,3.396646813e-01,2.218186619e-14,2.218186619e-14,5.539429683e-27
6.260000000e+01,-7.629271135e+04,3.181171158e-02,1.446834898e+15,4.154304359e+02,3.754665967e-01,-8.130334033e-01,-2.187834033e-01,-3.065468127e-02,3.396646813e-01,2.404701071e-14,2.404701071e-14,5.311395205e-27
6.280000000e+01,-7.573184117e+04,3.179761782e-02,1.534801314e+15,3.916202358e+02,3.739407425e-01,-8.145592575e-01,-2.203092575e-01,-3.065468127e-02,3.396646813e-01,2.649261029e-14,2.649261029e-14,5.182888685e-27
6.300000000e+01,-7.517123270e+04,3.178278032e-02,1.627409718e+15,3.693349288e+02,3.724261057e-01,-8.160738943e-01,-2.218238943e-01,-3.065468127e-02,3.396646813e-01,2.902769352e-14,2.902769352e-14,5.067667799e-27
6.320000000e+01,-7.461089962e+04,3.176716743e-02,1.724857781e+15,3.484688762e+02,3.709226810e-01,-8.175773190e-01,-2.233273190e-01,-3.065468127e-02,3.396646813e-01,3.088971139e-14,3.088971139e-14,4.792669187e-27
6.340000000e+01,-7.405085619e+04,3.175074659e-02,1.827348646e+15,3.289242334e+02,3.694304630e-01,-8.190695370e-01,-2.248195370e-01,-3.065468127e-02,3.396646813e-01,3.287799004e-14,3.287799004e-14,4.523984610e-27
6.360000000e+01,-7.349111724e+04,3.173348438e-02,1.935090912e+15,3.106103433e+02,3.679494459e-01,-8.205505541e-01,-2.263005541e-01,-3.065468127e-02,3.396646813e-01,3.480182780e-14,3.480182780e-14,4.268261738e-27
6.380000000e+01,-7.293169821e+04,3.171534652e-02,2.048298595e+15,2.934431796e+02,3.664796235e-01,-8.220203765e-01,-2.277703765e-01,-3.065468127e-02,3.396646813e-01,3.566071988e-14,3.566071988e-14,3.905339445e-27
6.400000000e+01,-7.237261519e+04,3.169629785e-02,2.167191081e+15,2.773448349e+02,3.650209896e-01,-8.234790104e-01,-2.292290104e-01,-3.065468127e-02,3.396646813e-01,3.864771326e-14,3.864771326e-14,3.755623667e-27
6.420000000e+01,-7.181388486e+04,3.167630237e-02,2.291993063e+15,2.622430504e+02,3.635735373e-01,-8.249264627e-01,-2.306764627e-01,-3.065468127e-02,3.396646813e-01,4.161419408e-14,4.161419408e-14,3.625749201e-27
6.440000000e+01,-7.125552457e+04,3.165532325e-02,2.422934469e+15,2.480707837e+02,3.621372596e-01,-8.263627404e-01,-2.321127404e-01,-3.065468127e-02,3.396646813e-01,4.343554659e-14,4.343554659e-14,3.375130788e-27
6.460000000e+01,-7.069755235e+04,3.163332283e-02,2.560250367e+15,2.347658105e+02,3.607121491e-01,-8.277878509e-01,-2.335378509e-01,-3.065468127e-02,3.396646813e-01,4.674685118e-14,4.674685118e-14,3.244703060e-27
6.480000000e+01,-7.013998687e+04,3.161026263e-02,2.704180867e+15,2.222703591e+02,3.592981980e-01,-8.292018020e-01,-2.349518020e-01,-3.065468127e-02,3.396646813e-01,4.516452961e-14,4.516452961e-14,2.828809873e-27
6.500000000e+01,-6.958284754e+04,3.158610340e-02,2.854970998e+15,2.105307735e+02,3.578953983e-01,-8.306046017e-01,-2.363546017e-01,-3.065468127e-02,3.396646813e-01,4.529569751e-14,4.529569751e-14,2.526253133e-27
6.520000000e+01,-6.902615443e+04,3.156080511e-02,3.012870573e+15,1.994972030e+02,3.565037414e-01,-8.319962586e-01,-2.377462586e-01,-3.065468127e-02,3.396646813e-01,4.990126727e-14,4.990126727e-14,2.488737620e-27
6.540000000e+01,-6.846992837e+04,3.153432699e-02,3.178134042e+15,1.891233172e+02,3.551232183e-01,-8.333767817e-01,-2.391267817e-01,-3.065468127e-02,3.396646813e-01,5.485020799e-14,5.485020799e-14,2.451161973e-27
6.560000000e+01,-6.791419089e+04,3.150662757e-02,3.351020319e+15,1.793660424e+02,3.537538197e-01,-8.347461803e-01,-2.404961803e-01,-3.065468127e-02,3.396646813e-01,5.769888409e-14,5.769888409e-14,2.325879648e-27
6.580000000e+01,-6.735896428e+04,3.147766467e-02,3.531792605e+15,1.701853194e+02,3.523955359e-01,-8.361044641e-01,-2.418544641e-01,-3.065468127e-02,3.396646813e-01,5.557812144e-14,5.557812144e-14,2.021465053e-27
6.600000000e+01,-6.680427158e+04,3.144739546e-02,3.720718185e+15,1.615438801e+02,3.510483566e-01,-8.374516434e-01,-2.432016434e-01,-3.065468127e-02,3.396646813e-01,5.558946778e-14,5.558946778e-14,1.807580921e-27
6.620000000e+01,-6.625013660e+04,3.141577651e-02,3.918068212e+15,1.534070414e+02,3.497122712e-01,-8.387877288e-01,-2.445377288e-01,-3.065468127e-02,3.396646813e-01,5.735412788e-14,5.735412788e-14,1.681155087e-27
6.640000000e+01,-6.569658392e+04,3.138276380e-02,4.124117473e+15,1.457425149e+02,3.483872684e-01,-8.401127316e-01,-2.458627316e-01,-3.065468127e-02,3.396646813e-01,6.160746728e-14,6.160746728e-14,1.628944935e-27
6.660000000e+01,-6.514363892e+04,3.134831274e-02,4.339144140e+15,1.385202319e+02,3.470733368e-01,-8.414266632e-01,-2.471766632e-01,-3.065468127e-02,3.396646813e-01,6.636886849e-14,6.636886849e-14,1.576617773e-27
6.680000000e+01,-6.459132775e+04,3.131237828e-02,4.563429500e+15,1.317121811e+02,3.457704640e-01,-8.427295360e-01,-2.484795360e-01,-3.065468127e-02,3.396646813e-01,7.043701110e-14,7.043701110e-14,1.503804088e-27
6.700000000e+01,-6.403967739e+04,3.127491489e-02,4.797257670e+15,1.252922594e+02,3.444786374e-01,-8.440213626e-01,-2.497713626e-01,-3.065468127e-02,3.396646813e-01,7.243408022e-14,7.243408022e-14,1.407030940e-27
6.720000000e+01,-6.348871562e+04,3.123587665e-02,5.040915299e+15,1.192361341e+02,3.431978439e-01,-8.453021561e-01,-2.510521561e-01,-3.065468127e-02,3.396646813e-01,7.314951034e-14,7.314951034e-14,1.284510148e-27
6.740000000e+01,-6.293847103e+04,3.119521728e-02,5.294691245e+15,1.135211148e+02,3.419280696e-01,-8.465719304e-01,-2.523219304e-01,-3.065468127e-02,3.396646813e-01,7.549331458e-14,7.549331458e-14,1.192359580e-27
6.760000000e+01,-6.238897303e+04,3.115289019e-02,5.558876243e+15,1.081260360e+02,3.406693001e-01,-8.478306999e-01,-2.535806999e-01,-3.065468127e-02,3.396646813e-01,7.573504371e-14,7.573504371e-14,1.084641307e-27
6.780000000e+01,-6.184025188e+04,3.110884857e-02,5.833762551e+15,1.030311480e+02,3.394215207e-01,-8.490784793e-01,-2.548284793e-01,-3.065468127e-02,3.396646813e-01,7.401778286e-14,7.401778286e-14,9.664210048e-28
6.800000000e+01,-6.129233863e+04,3.106304539e-02,6.119643585e+15,9.821801615e+01,3.381847156e-01,-8.503152844e-01,-2.560652844e-01,-3.065468127e-02,3.396646813e-01,7.228958494e-14,7.228958494e-14,8.513363325e-28
6.820000000e+01,-6.074526520e+04,3.101543354e-02,6.416813536e+15,9.366942784e+01,3.369588689e-01,-8.515411311e-01,-2.572911311e-01,-3.065468127e-02,3.396646813e-01,6.989248642e-14,6.989248642e-14,7.496676057e-28
6.840000000e+01,-6.019906432e+04,3.096596580e-02,6.725566970e+15,8.936930599e+01,3.357439636e-01,-8.527560364e-01,-2.585060364e-01,-3.065468127e-02,3.396646813e-01,7.803907693e-14,7.803907693e-14,7.557129805e-28
6.860000000e+01,-5.965376955e+04,3.091459500e-02,7.046198416e+15,8.530262945e+01,3.345399823e-01,-8.539600177e-01,-2.597100177e-01,-3.065468127e-02,3.396646813e-01,8.160414455e-14,8.160414455e-14,7.223120248e-28
6.880000000e+01,-5.910941530e+04,3.086127402e-02,7.379001941e+15,8.145535904e+01,3.333469069e-01,-8.551530931e-01,-2.609030931e-01,-3.065468127e-02,3.396646813e-01,7.622494226e-14,7.622494226e-14,6.115302732e-28
6.900000000e+01,-5.856603679e+04,3.080595588e-02,7.724270712e+15,7.781436913e+01,3.321647186e-01,-8.563352814e-01,-2.620852814e-01,-3.065468127e-02,3.396646813e-01,8.014074246e-14,8.014074246e-14,5.899130763e-28
6.920000000e+01,-5.802367008e+04,3.074859385e-02,8.082296539e+15,7.436738427e+01,3.309933978e-01,-8.575066022e-01,-2.632566022e-01,-3.065468127e-02,3.396646813e-01,8.475099650e-14,8.475099650e-14,5.647996083e-28
6.940000000e+01,-5.748235203e+04,3.068914144e-02,8.453369416e+15,7.110292037e+01,3.298329244e-01,-8.586670756e-01,-2.644170756e-01,-3.065468127e-02,3.396646813e-01,8.922400823e-14,8.922400823e-14,5.413492163e-28
6.960000000e+01,-5.694212033e+04,3.062755257e-02,8.837777047e+15,6.801023032e+01,3.286832774e-01,-8.598167226e-01,-2.655667226e-01,-3.065468127e-02,3.396646813e-01,8.750066273e-14,8.750066273e-14,4.884974348e-28
6.980000000e+01,-5.640301348e+04,3.056378159e-02,9.235804359e+15,6.507925343e+01,3.275444350e-01,-8.609555650e-01,-2.667055650e-01,-3.065468127e-02,3.396646813e-01,8.542816364e-14,8.542816364e-14,4.372451655e-28
7.000000000e+01,-5.586507075e+04,3.049778337e-02,9.647733012e+15,6.230056861e+01,3.264163747e-01,-8.620836253e-01,-2.678336253e-01,-3.065468127e-02,3.396646813e-01,8.977876675e-14,8.977876675e-14,4.170141853e-28
7.020000000e+01,-5.532833221e+04,3.042951339e-02,1.007384090e+16,5.966535092e+01,3.252990733e-01,-8.632009267e-01,-2.689509267e-01,-3.065468127e-02,3.396646813e-01,9.415847327e-14,9.415847327e-14,3.984662609e-28
7.040000000e+01,-5.479283872e+04,3.035892780e-02,1.051440165e+16,5.716533120e+01,3.241925067e-01,-8.643074933e-01,-2.700574933e-01,-3.065468127e-02,3.396646813e-01,1.118690733e-13,1.118690733e-13,4.336449548e-28
7.060000000e+01,-5.425863187e+04,3.028598354e-02,1.096968408e+16,5.479275865e+01,3.230966499e-01,-8.654033501e-01,-2.711533501e-01,-3.065468127e-02,3.396646813e-01,1.235391632e-13,1.235391632e-13,4.419908541e-28
7.080000000e+01,-5.372575402e+04,3.021063839e-02,1.143995175e+16,5.254036604e+01,3.220114773e-01,-8.664885227e-01,-2.722385227e-01,-3.065468127e-02,3.396646813e-01,1.061015944e-13,1.061015944e-13,3.503744170e-28
7.100000000e+01,-5.319424824e+04,3.013285104e-02,1.192546237e+16,5.040133741e+01,3.209369622e-01,-8.675630378e-01,-2.733130378e-01,-3.065468127e-02,3.396646813e-01,9.612544347e-14,9.612544347e-14,2.890000392e-28
7.120000000e+01,-5.266415832e+04,3.005258123e-02,1.242646731e+16,4.836927804e+01,3.198730772e-01,-8.686269228e-01,-2.743769228e-01,-3.065468127e-02,3.396646813e-01,1.092437828e-13,1.092437828e-13,2.998136291e-28
7.140000000e+01,-5.213552873e+04,2.996978978e-02,1.294321112e+16,4.643818653e+01,3.188197940e-01,-8.696802060e-01,-2.754302060e-01,-3.065468127e-02,3.396646813e-01,1.221047630e-13,1.221047630e-13,3.097811791e-28
7.160000000e+01,-5.160840463e+04,2.988443868e-02,1.347593096e+16,4.460242891e+01,3.177770835e-01,-8.707229165e-01,-2.764729165e-01,-3.065468127e-02,3.396646813e-01,1.280922589e-13,1.280922589e-13,3.005519165e-28
7.180000000e+01,-5.108283182e+04,2.979649122e-02,1.402485609e+16,4.285671444e+01,3.167449154e-01,-8.717550846e-01,-2.775050846e-01,-3.065468127e-02,3.396646813e-01,1.344701162e-13,1.344701162e-13,2.895503375e-28
7.200000000e+01,-5.055885671e+04,2.970591199e-02,1.459020740e+16,4.119607322e+01,3.157232587e-01,-8.727767413e-01,-2.785267413e-01,-3.065468127e-02,3.396646813e-01,1.296766113e-13,1.296766113e-13,2.583769464e-28
7.220000000e+01,-5.003652632e+04,2.961266703e-02,1.517219688e+16,3.961583527e+01,3.147120816e-01,-8.737879184e-01,-2.795379184e-01,-3.065468127e-02,3.396646813e-01,1.357522506e-13,1.357522506e-13,2.481729754e-28
7.240000000e+01,-4.951588825e+04,2.951672388e-02,1.577102714e+16,3.811161108e+01,3.137113511e-01,-8.747886489e-01,-2.805386489e-01,-3.065468127e-02,3.396646813e-01,1.630446209e-13,1.630446209e-13,2.765766798e-28
7.260000000e+01,-4.899699064e+04,2.941805167e-02,1.638689088e+16,3.667927351e+01,3.127210333e-01,-8.757789667e-01,-2.815289667e-01,-3.065468127e-02,3.396646813e-01,1.575920383e-13,1.575920383e-13,2.479086697e-28
7.280000000e+01,-4.847988213e+04,2.931662118e-02,1.701997049e+16,3.531494092e+01,3.117410935e-01,-8.767589065e-01,-2.825089065e-01,-3.065468127e-02,3.396646813e-01,1.414399613e-13,1.414399613e-13,2.033259640e-28
7.300000000e+01,-4.796461187e+04,2.921240491e-02,1.767043754e+16,3.401496148e+01,3.107714959e-01,-8.777285041e-01,-2.834785041e-01,-3.065468127e-02,3.396646813e-01,1.340901159e-13,1.340901159e-13,1.815461274e-28
7.320000000e+01,-4.745122944e+04,2.910537718e-02,1.833845234e+16,3.277589849e+01,3.098122036e-01,-8.786877964e-01,-2.844377964e-01,-3.065468127e-02,3.396646813e-01,1.417193264e-13,1.417193264e-13,1.747127207e-28
7.340000000e+01,-4.693978486e+04,2.899551418e-02,1.902416351e+16,3.159451675e+01,3.088631790e-01,-8.796368210e-01,-2.853868210e-01,-3.065468127e-02,3.396646813e-01,1.321635911e-13,1.321635911e-13,1.537265266e-28
7.360000000e+01,-4.643032852e+04,2.888279404e-02,1.972770755e+16,3.046776980e+01,3.079243833e-01,-8.805756167e-01,-2.863256167e-01,-3.065468127e-02,3.396646813e-01,1.239817489e-13,1.239817489e-13,1.326880222e-28
7.380000000e+01,-4.592291116e+04,2.876719689e-02,2.044920850e+16,2.939278811e+01,3.069957768e-01,-8.815042232e-01,-2.872542232e-01,-3.065468127e-02,3.396646813e-01,1.309327877e-13,1.309327877e-13,1.284251344e-28
7.400000000e+01,-4.541758386e+04,2.864870492e-02,2.118877749e+16,2.836686792e+01,3.060773185e-01,-8.824226815e-01,-2.881726815e-01,-3.065468127e-02,3.396646813e-01,1.052649128e-13,1.052649128e-13,9.666088404e-29
7.420000000e+01,-4.491439795e+04,2.852730245e-02,2.194651243e+16,2.738746096e+01,3.051689669e-01,-8.833310331e-01,-2.890810331e-01,-3.065468127e-02,3.396646813e-01,9.325598203e-14,9.325598203e-14,7.991157473e-29
7.440000000e+01,-4.441340500e+04,2.840297596e-02,2.272249767e+16,2.645216477e+01,3.042706789e-01,-8.842293211e-01,-2.899793211e-01,-3.065468127e-02,3.396646813e-01,1.133326045e-13,1.133326045e-13,9.023537267e-29
7.460000000e+01,-4.391465679e+04,2.827571415e-02,2.351680369e+16,2.555871369e+01,3.033824108e-01,-8.851175892e-01,-2.908675892e-01,-3.065468127e-02,3.396646813e-01,1.181437826e-13,1.181437826e-13,8.812319735e-29
7.480000000e+01,-4.341820525e+04,2.814550801e-02,2.432948682e+16,2.470497044e+01,3.025041177e-01,-8.859958823e-01,-2.917458823e-01,-3.065468127e-02,3.396646813e-01,7.070066111e-14,7.070066111e-14,4.946442876e-29
7.500000000e+01,-4.292410244e+04,2.801235082e-02,2.516058895e+16,2.388891824e+01,3.016357536e-01,-8.868642464e-01,-2.926142464e-01,-3.065468127e-02,3.396646813e-01,3.769598746e-14,3.769598746e-14,2.409402910e-29
7.520000000e+01,-4.243240049e+04,2.787623821e-02,2.601013738e+16,2.310865351e+01,3.007772715e-01,-8.877227285e-01,-2.934727285e-01,-3.065468127e-02,3.396646813e-01,3.709139407e-14,3.709139407e-14,2.323086368e-29
7.540000000e+01,-4.194315155e+04,2.773716819e-02,2.687814454e+16,2.236237890e+01,2.999286235e-01,-8.885713765e-01,-2.943213765e-01,-3.065468127e-02,3.396646813e-01,4.020505404e-14,4.020505404e-14,2.281283308e-29
7.560000000e+01,-4.145640780e+04,2.759514116e-02,2.776460785e+16,2.164839697e+01,2.990897605e-01,-8.894102395e-01,-2.951602395e-01,-3.065468127e-02,3.396646813e-01,4.109972235e-14,4.109972235e-14,2.149799766e-29
7.580000000e+01,-4.097222133e+04,2.745015998e-02,2.866950960e+16,2.096510407e+01,2.982606323e-01,-8.902393677e-01,-2.959893677e-01,-3.065468127e-02,3.396646813e-01,3.975090138e-14,3.975090138e-14,1.973139868e-29
7.600000000e+01,-4.049064416e+04,2.730222992e-02,2.959281678e+16,2.031098482e+01,2.974411879e-01,-8.910588121e-01,-2.968088121e-01,-3.065468127e-02,3.396646813e-01,6.549240157e-14,6.549240157e-14,2.963454386e-29
7.620000000e+01,-4.001172817e+04,2.715135872e-02,3.053448108e+16,1.968460675e+01,2.966313750e-01,-8.918686250e-01,-2.976186250e-01,-3.065468127e-02,3.396646813e-01,6.800179825e-14,6.800179825e-14,2.967208456e-29
7.640000000e+01,-3.953552506e+04,2.699755660e-02,3.149443879e+16,1.908461543e+01,2.958311404e-01,-8.926688596e-01,-2.984188596e-01,-3.065468127e-02,3.396646813e-01,4.701987904e-14,4.701987904e-14,1.890618567e-29
7.660000000e+01,-3.906208630e+04,2.684083624e-02,3.247261077e+16,1.850972984e+01,2.950404299e-01,-8.934595701e-01,-2.992095701e-01,-3.065468127e-02,3.396646813e-01,4.795656146e-14,4.795656146e-14,1.847947740e-29
7.680000000e+01,-3.859146310e+04,2.668121276e-02,3.346890253e+16,1.795873802e+01,2.942591882e-01,-8.942408118e-01,-2.999908118e-01,-3.065468127e-02,3.396646813e-01,2.292198275e-14,2.292198275e-14,9.025841836e-30
7.700000000e+01,-3.812370635e+04,2.651870378e-02,3.448320424e+16,1.743049307e+01,2.934873590e-01,-8.950126410e-01,-3.007626410e-01,-3.065468127e-02,3.396646813e-01,2.607588687e-14,2.607588687e-14,9.037333466e-30
7.720000000e+01,-3.765886661e+04,2.635332932e-02,3.551539081e+16,1.692390929e+01,2.927248848e-01,-8.957751152e-01,-3.015251152e-01,-3.065468127e-02,3.396646813e-01,2.771390697e-14,2.771390697e-14,8.596411471e-30
7.740000000e+01,-3.719699400e+04,2.618511186e-02,3.656532201e+16,1.643795868e+01,2.919717075e-01,-8.965282925e-01,-3.022782925e-01,-3.065468127e-02,3.396646813e-01,-2.627333038e-14,-2.627333038e-14,-9.060404053e-30
7.760000000e+01,-3.673813825e+04,2.601407627e-02,3.763284266e+16,1.597166757e+01,2.912277676e-01,-8.972722324e-01,-3.030222324e-01,-3.065468127e-02,3.396646813e-01,-5.584902187e-14,-5.584902187e-14,-1.587597054e-29
7.780000000e+01,-3.628234859e+04,2.584024977e-02,3.871778274e+16,1.552411347e+01,2.904930048e-01,-8.980069952e-01,-3.037569952e-01,-3.065468127e-02,3.396646813e-01,-9.187934566e-14,-9.187934566e-14,-2.270897900e-29
7.800000000e+01,-3.582967371e+04,2.566366195e-02,3.981995766e+16,1.509442219e+01,2.897673579e-01,-8.987326421e-01,-3.044826421e-01,-3.065468127e-02,3.396646813e-01,-1.531971742e-13,-1.531971742e-13,-3.819996375e-29
7.820000000e+01,-3.538016176e+04,2.548434468e-02,4.093916848e+16,1.468176504e+01,2.890507644e-01,-8.994492356e-01,-3.051992356e-01,-3.065468127e-02,3.396646813e-01,-2.196936670e-13,-2.196936670e-13,-5.190931210e-29
7.840000000e+01,-3.493386029e+04,2.530233208e-02,4.207520221e+16,1.428535624e+01,2.883431612e-01,-9.001568388e-01,-3.059068388e-01,-3.065468127e-02,3.396646813e-01,-2.284169863e-13,-2.284169863e-13,-5.060819619e-29
7.860000000e+01,-3.449081619e+04,2.511766049e-02,4.322783208e+16,1.390445052e+01,2.876444840e-01,-9.008555160e-01,-3.066055160e-01,-3.065468127e-02,3.396646813e-01,-1.707894961e-13,-1.707894961e-13,-3.583650892e-29
7.880000000e+01,-3.405107570e+04,2.493036839e-02,4.439681791e+16,1.353834083e+01,2.869546676e-01,-9.015453324e-01,-3.072953324e-01,-3.065468127e-02,3.396646813e-01,-1.412897239e-13,-1.412897239e-13,-2.765478446e-29
7.900000000e+01,-3.361468430e+04,2.474049635e-02,4.558190645e+16,1.318635615e+01,2.862736461e-01,-9.022263539e-01,-3.079763539e-01,-3.065468127e-02,3.396646813e-01,-1.418404023e-13,-1.418404023e-13,-2.631736002e-29
7.920000000e+01,-3.318168677e+04,2.454808697e-02,4.678283179e+16,1.284785956e+01,2.856013524e-01,-9.028986476e-01,-3.086486476e-01,-3.065468127e-02,3.396646813e-01,-2.575914608e-13,-2.575914608e-13,-4.468269705e-29
7.940000000e+01,-3.275212707e+04,2.435318482e-02,4.799931579e+16,1.252224626e+01,2.849377187e-01,-9.035622813e-01,-3.093122813e-01,-3.065468127e-02,3.396646813e-01,-3.774638792e-13,-3.774638792e-13,-6.309551159e-29
7.960000000e+01,-3.232604834e+04,2.415583636e-02,4.923106848e+16,1.220894185e+01,2.842826762e-01,-9.042173238e-01,-3.099673238e-01,-3.065468127e-02,3.396646813e-01,-4.273283705e-13,-4.273283705e-13,-6.800161230e-29
7.980000000e+01,-3.190349290e+04,2.395608986e-02,5.047778860e+16,1.190740064e+01,2.836361552e-01,-9.048638448e-01,-3.106138448e-01,-3.065468127e-02,3.396646813e-01,-5.973886335e-13,-5.973886335e-13,-8.994286343e-29
8.000000000e+01,-3.148450215e+04,2.375399532e-02,5.173916401e+16,1.161710406e+01,2.829980853e-01,-9.055019147e-01,-3.112519147e-01,-3.065468127e-02,3.396646813e-01,-6.924069183e-13,-6.924069183e-13,-9.996382538e-29
8.020000000e+01,-3.106911660e+04,2.354960440e-02,5.301487227e+16,1.133755919e+01,2.823683953e-01,-9.061316047e-01,-3.118816047e-01,-3.065468127e-02,3.396646813e-01,-6.739529693e-13,-6.739529693e-13,-9.202163712e-29
8.040000000e+01,-3.065737582e+04,2.334297034e-02,5.430458116e+16,1.106829736e+01,2.817470130e-01,-9.067529870e-01,-3.125029870e-01,-3.065468127e-02,3.396646813e-01,-6.520740772e-13,-6.520740772e-13,-8.452064607e-29
8.060000000e+01,-3.024931840e+04,2.313414784e-02,5.560794921e+16,1.080887285e+01,2.811338654e-01,-9.073661346e-01,-3.131161346e-01,-3.065468127e-02,3.396646813e-01,-7.188466655e-13,-7.188466655e-13,-8.809922877e-29
8.080000000e+01,-2.984498197e+04,2.292319299e-02,5.692462629e+16,1.055886163e+01,2.805288791e-01,-9.079711209e-01,-3.137211209e-01,-3.065468127e-02,3.396646813e-01,-8.274470362e-13,-8.274470362e-13,-9.678088065e-29
8.100000000e+01,-2.944440311e+04,2.271016320e-02,5.825425421e+16,1.031786023e+01,2.799319794e-01,-9.085680206e-01,-3.143180206e-01,-3.065468127e-02,3.396646813e-01,-8.490374290e-13,-8.490374290e-13,-9.482077587e-29
8.120000000e+01,-2.904761740e+04,2.249511704e-02,5.959646729e+16,1.008548459e+01,2.793430914e-01,-9.091569086e-01,-3.149069086e-01,-3.065468127e-02,3.396646813e-01,-8.708026728e-13,-8.708026728e-13,-9.262340773e-29
8.140000000e+01,-2.865465934e+04,2.227811421e-02,6.095089300e+16,9.861369095e+00,2.787621390e-01,-9.097378610e-01,-3.154878610e-01,-3.065468127e-02,3.396646813e-01,-8.910730406e-13,-8.910730406e-13,-8.995540085e-29
8.160000000e+01,-2.826556239e+04,2.205921538e-02,6.231715257e+16,9.645165539e+00,2.781890458e-01,-9.103109542e-01,-3.160609542e-01,-3.065468127e-02,3.396646813e-01,-1.070980818e-12,-1.070980818e-12,-1.031072442e-28
8.180000000e+01,-2.788035890e+04,2.183848213e-02,6.369486166e+16,9.436542239e+00,2.776237346e-01,-9.108762654e-01,-3.166262654e-01,-3.065468127e-02,3.396646813e-01,-1.151233895e-12,-1.151233895e-12,-1.065053895e-28
8.200000000e+01,-2.749908012e+04,2.161597685e-02,6.508363095e+16,9.235183159e+00,2.770661274e-01,-9.114338726e-01,-3.171838726e-01,-3.065468127e-02,3.396646813e-01,-1.186450726e-12,-1.186450726e-12,-1.040784777e-28
8.220000000e+01,-2.712175620e+04,2.139176259e-02,6.648306684e+16,9.040787092e+00,2.765161458e-01,-9.119838542e-01,-3.177338542e-01,-3.065468127e-02,3.396646813e-01,-1.325629409e-12,-1.325629409e-12,-1.114591928e-28
8.240000000e+01,-2.674841616e+04,2.116590300e-02,6.789277205e+16,8.853066892e+00,2.759737107e-01,-9.125262893e-01,-3.182762893e-01,-3.065468127e-02,3.396646813e-01,-1.413060500e-12,-1.413060500e-12,-1.141798664e-28
8.260000000e+01,-2.637908789e+04,2.093846222e-02,6.931234636e+16,8.671748744e+00,2.754387424e-01,-9.130612576e-01,-3.188112576e-01,-3.065468127e-02,3.396646813e-01,-1.562914576e-12,-1.562914576e-12,-1.206562661e-28
8.280000000e+01,-2.601379814e+04,2.070950472e-02,7.074138719e+16,8.496571474e+00,2.749111606e-01,-9.135888394e-01,-3.193388394e-01,-3.065468127e-02,3.396646813e-01,-1.782860117e-12,-1.782860117e-12,-1.311378776e-28
8.300000000e+01,-2.565257253e+04,2.047909529e-02,7.217949030e+16,8.327285908e+00,2.743908846e-01,-9.141091154e-01,-3.198591154e-01,-3.065468127e-02,3.396646813e-01,-1.887141344e-12,-1.887141344e-12,-1.336604883e-28
8.320000000e+01,-2.529543552e+04,2.024729885e-02,7.362625046e+16,8.163654250e+00,2.738778332e-01,-9.146221668e-01,-3.203721668e-01,-3.065468127e-02,3.396646813e-01,-2.058249217e-12,-2.058249217e-12,-1.397180119e-28
8.340000000e+01,-2.494241043e+04,2.001418039e-02,7.508126205e+16,8.005449510e+00,2.733719245e-01,-9.151280755e-01,-3.208780755e-01,-3.065468127e-02,3.396646813e-01,-2.366746591e-12,-2.366746591e-12,-1.535640160e-28
8.360000000e+01,-2.459351942e+04,1.977980483e-02,7.654411981e+16,7.852454950e+00,2.728730763e-01,-9.156269237e-01,-3.213769237e-01,-3.065468127e-02,3.396646813e-01,-2.618361382e-12,-2.618361382e-12,-1.627299931e-28
8.380000000e+01,-2.424878354e+04,1.954423696e-02,7.801441937e+16,7.704463576e+00,2.723812059e-01,-9.161187941e-01,-3.218687941e-01,-3.065468127e-02,3.396646813e-01,-2.742053481e-12,-2.742053481e-12,-1.643634086e-28
8.400000000e+01,-2.390822268e+04,1.930754131e-02,7.949175801e+16,7.561277641e+00,2.718962302e-01,-9.166037698e-01,-3.223537698e-01,-3.065468127e-02,3.396646813e-01,-2.880926508e-12,-2.880926508e-12,-1.652917561e-28
8.420000000e+01,-2.357185559e+04,1.906978205e-02,8.097573519e+16,7.422708186e+00,2.714180658e-01,-9.170819342e-01,-3.228319342e-01,-3.065468127e-02,3.396646813e-01,-3.088362727e-12,-3.088362727e-12,-1.700111151e-28
8.440000000e+01,-2.323969991e+04,1.883102289e-02,8.246595325e+16,7.288574603e+00,2.709466287e-01,-9.175533713e-01,-3.233033713e-01,-3.065468127e-02,3.396646813e-01,-3.226368364e-12,-3.226368364e-12,-1.710680076e-28
8.460000000e+01,-2.291177217e+04,1.859132699e-02,8.396201796e+16,7.158704222e+00,2.704818347e-01,-9.180181653e-01,-3.237681653e-01,-3.065468127e-02,3.396646813e-01,-3.437100920e-12,-3.437100920e-12,-1.755702670e-28
8.480000000e+01,-2.258808778e+04,1.835075686e-02,8.546353920e+16,7.032931916e+00,2.700235992e-01,-9.184764008e-01,-3.242264008e-01,-3.065468127e-02,3.396646813e-01,-3.818500975e-12,-3.818500975e-12,-1.873354991e-28
8.500000000e+01,-2.226866109e+04,1.810937427e-02,8.697013146e+16,6.911099735e+00,2.695718375e-01,-9.189281625e-01,-3.246781625e-01,-3.065468127e-02,3.396646813e-01,-4.293436225e-12,-4.293436225e-12,-2.027030753e-28
8.520000000e+01,-2.195350533e+04,1.786724012e-02,8.848141450e+16,6.793056552e+00,2.691264642e-01,-9.193735358e-01,-3.251235358e-01,-3.065468127e-02,3.396646813e-01,-4.544245067e-12,-4.544245067e-12,-2.065507745e-28
8.540000000e+01,-2.164263272e+04,1.762441443e-02,8.999701385e+16,6.678657733e+00,2.686873941e-01,-9.198126059e-01,-3.255626059e-01,-3.065468127e-02,3.396646813e-01,-4.724467511e-12,-4.724467511e-12,-2.070670900e-28
8.560000000e+01,-2.133605440e+04,1.738095617e-02,9.151656142e+16,6.567764820e+00,2.682545415e-01,-9.202454585e-01,-3.259954585e-01,-3.065468127e-02,3.396646813e-01,-5.070800114e-12,-5.070800114e-12,-2.143967232e-28
8.580000000e+01,-2.103378052e+04,1.713692321e-02,9.303969596e+16,6.460245235e+00,2.678278204e-01,-9.206721796e-01,-3.264221796e-01,-3.065468127e-02,3.396646813e-01,-5.427555686e-12,-5.427555686e-12,-2.210280941e-28
8.600000000e+01,-2.073582022e+04,1.689237224e-02,9.456606366e+16,6.355971997e+00,2.674071448e-01,-9.210928552e-01,-3.268428552e-01,-3.065468127e-02,3.396646813e-01,-5.628883465e-12,-5.628883465e-12,-2.209668687e-28
8.620000000e+01,-2.044218164e+04,1.664735869e-02,9.609531858e+16,6.254823454e+00,2.669924284e-01,-9.215075716e-01,-3.272575716e-01,-3.065468127e-02,3.396646813e-01,-5.824602088e-12,-5.824602088e-12,-2.211454614e-28
8.640000000e+01,-2.015287201e+04,1.640193663e-02,9.762712318e+16,6.156683029e+00,2.665835847e-01,-9.219164153e-01,-3.276664153e-01,-3.065468127e-02,3.396646813e-01,-6.115127049e-12,-6.115127049e-12,-2.245687100e-28
8.660000000e+01,-1.986789759e+04,1.615615873e-02,9.916114878e+16,6.061438980e+00,2.661805273e-01,-9.223194727e-01,-3.280694727e-01,-3.065468127e-02,3.396646813e-01,-6.520439759e-12,-6.520439759e-12,-2.307685369e-28
8.680000000e+01,-1.958726376e+04,1.591007616e-02,1.006970760e+17,5.968984170e+00,2.657831693e-01,-9.227168307e-01,-3.284668307e-01,-3.065468127e-02,3.396646813e-01,-6.831781268e-12,-6.831781268e-12,-2.340936617e-28
8.700000000e+01,-1.931097501e+04,1.566373853e-02,1.022345951e+17,5.879215853e+00,2.653914241e-01,-9.231085759e-01,-3.288585759e-01,-3.065468127e-02,3.396646813e-01,-6.964857557e-12,-6.964857557e-12,-2.310336867e-28
8.720000000e+01,-1.903903501e+04,1.541719382e-02,1.037734068e+17,5.792035467e+00,2.650052046e-01,-9.234947954e-01,-3.292447954e-01,-3.065468127e-02,3.396646813e-01,-7.110517043e-12,-7.110517043e-12,-2.277237786e-28
8.740000000e+01,-1.877144658e+04,1.517048834e-02,1.053132219e+17,5.707348437e+00,2.646244239e-01,-9.238755761e-01,-3.296255761e-01,-3.065468127e-02,3.396646813e-01,-7.341279813e-12,-7.341279813e-12,-2.274291869e-28
8.760000000e+01,-1.850821178e+04,1.492366662e-02,1.068537625e+17,5.625063996e+00,2.642489949e-01,-9.242510051e-01,-3.300010051e-01,-3.065468127e-02,3.396646813e-01,-7.581820011e-12,-7.581820011e-12,-2.276183565e-28
8.780000000e+01,-1.824933190e+04,1.467677139e-02,1.083947619e+17,5.545095001e+00,2.638788307e-01,-9.246211693e-01,-3.303711693e-01,-3.065468127e-02,3.396646813e-01,-7.828429969e-12,-7.828429969e-12,-2.278080573e-28
8.800000000e+01,-1.799480752e+04,1.442984354e-02,1.099359650e+17,5.467357771e+00,2.635138441e-01,-9.249861559e-01,-3.307361559e-01,-3.065468127e-02,3.396646813e-01,-8.185442315e-12,-8.185442315e-12,-2.306706224e-28
8.820000000e+01,-1.774463852e+04,1.418292201e-02,1.114771286e+17,5.391771929e+00,2.631539479e-01,-9.253460521e-01,-3.310960521e-01,-3.065468127e-02,3.396646813e-01,-8.336317805e-12,-8.336317805e-12,-2.278241588e-28
8.840000000e+01,-1.749882415e+04,1.393604379e-02,1.130180218e+17,5.318260248e+00,2.627990551e-01,-9.257009449e-01,-3.314509449e-01,-3.065468127e-02,3.396646813e-01,-8.601629299e-12,-8.601629299e-12,-2.278931707e-28
8.860000000e+01,-1.725736302e+04,1.368924387e-02,1.145584263e+17,5.246748509e+00,2.624490787e-01,-9.260509213e-01,-3.318009213e-01,-3.065468127e-02,3.396646813e-01,-9.092644461e-12,-9.092644461e-12,-2.336949929e-28
8.880000000e+01,-1.702025317e+04,1.344255517e-02,1.160981367e+17,5.177165365e+00,2.621039314e-01,-9.263960686e-01,-3.321460686e-01,-3.065468127e-02,3.396646813e-01,-9.257818629e-12,-9.257818629e-12,-2.307188601e-28
8.900000000e+01,-1.678749210e+04,1.319600850e-02,1.176369606e+17,5.109442214e+00,2.617635263e-01,-9.267364737e-01,-3.324864737e-01,-3.065468127e-02,3.396646813e-01,-9.539201562e-12,-9.539201562e-12,-2.307922051e-28
8.920000000e+01,-1.655907678e+04,1.294963256e-02,1.191747189e+17,5.043513071e+00,2.614277765e-01,-9.270722235e-01,-3.328222235e-01,-3.065468127e-02,3.396646813e-01,-1.004968556e-11,-1.004968556e-11,-2.362546811e-28
8.940000000e+01,-1.633500376e+04,1.270345385e-02,1.207112461e+17,4.979314452e+00,2.610965950e-01,-9.274034050e-01,-3.331534050e-01,-3.065468127e-02,3.396646813e-01,-1.023379169e-11,-1.023379169e-11,-2.333924494e-28
8.960000000e+01,-1.611526910e+04,1.245749668e-02,1.222463906e+17,4.916785268e+00,2.607698949e-01,-9.277301051e-01,-3.334801051e-01,-3.065468127e-02,3.396646813e-01,-1.028731240e-11,-1.028731240e-11,-2.284344679e-28
8.980000000e+01,-1.589986853e+04,1.221178312e-02,1.237800147e+17,4.855866710e+00,2.604475895e-01,-9.280524105e-01,-3.338024105e-01,-3.065468127e-02,3.396646813e-01,-1.047030109e-11,-1.047030109e-11,-2.260454271e-28
9.000000000e+01,-1.568879740e+04,1.196633296e-02,1.253119947e+17,4.796502155e+00,2.601295921e-01,-9.283704079e-01,-3.341204079e-01,-3.065468127e-02,3.396646813e-01,-1.078465241e-11,-1.078465241e-11,-2.259897074e-28
9.020000000e+01,-1.548205074e+04,1.172116370e-02,1.268422214e+17,4.738637069e+00,2.598158162e-01,-9.286841838e-01,-3.344341838e-01,-3.065468127e-02,3.396646813e-01,-1.121601781e-11,-1.121601781e-11,-2.286470103e-28
9.040000000e+01,-1.527962334e+04,1.147629050e-02,1.283706003e+17,4.682218911e+00,2.595061752e-01,-9.289938248e-01,-3.347438248e-01,-3.065468127e-02,3.396646813e-01,-1.154118838e-11,-1.154118838e-11,-2.290887368e-28
9.060000000e+01,-1.508150974e+04,1.123172620e-02,1.298970513e+17,4.627197051e+00,2.592005827e-01,-9.292994173e-01,-3.350494173e-01,-3.065468127e-02,3.396646813e-01,-1.173803336e-11,-1.173803336e-11,-2.265635942e-28
9.080000000e+01,-1.488770432e+04,1.098748124e-02,1.314215090e+17,4.573522683e+00,2.588989525e-01,-9.296010475e-01,-3.353510475e-01,-3.065468127e-02,3.396646813e-01,-1.178811355e-11,-1.178811355e-11,-2.216783661e-28
9.100000000e+01,-1.469820131e+04,1.074356368e-02,1.329439233e+17,4.521148749e+00,2.586011984e-01,-9.298988016e-01,-3.356488016e-01,-3.065468127e-02,3.396646813e-01,-1.212093182e-11,-1.212093182e-11,-2.219881100e-28
9.120000000e+01,-1.451299481e+04,1.049997917e-02,1.344642588e+17,4.470029863e+00,2.583072344e-01,-9.301927656e-01,-3.359427656e-01,-3.065468127e-02,3.396646813e-01,-1.247374315e-11,-1.247374315e-11,-2.224228678e-28
9.140000000e+01,-1.433207892e+04,1.025673092e-02,1.359824956e+17,4.420122237e+00,2.580169745e-01,-9.304830255e-01,-3.362330255e-01,-3.065468127e-02,3.396646813e-01,-1.281330271e-11,-1.281330271e-11,-2.226100696e-28
9.160000000e+01,-1.415544767e+04,1.001381971e-02,1.374986287e+17,4.371383614e+00,2.577303329e-01,-9.307696671e-01,-3.365196671e-01,-3.065468127e-02,3.396646813e-01,-1.301298372e-11,-1.301298372e-11,-2.201824561e-28
9.180000000e+01,-1.398309516e+04,9.771243827e-03,1.390126689e+17,4.323773203e+00,2.574472240e-01,-9.310527760e-01,-3.368027760e-01,-3.065468127e-02,3.396646813e-01,-1.309606262e-11,-1.309606262e-11,-2.157525732e-28
9.200000000e+01,-1.381501554e+04,9.528999103e-03,1.405246421e+17,4.277251616e+00,2.571675621e-01,-9.313324379e-01,-3.370824379e-01,-3.065468127e-02,3.396646813e-01,-1.358863087e-11,-1.358863087e-11,-2.185536775e-28
9.220000000e+01,-1.365120309e+04,9.287078859e-03,1.420345901e+17,4.231780808e+00,2.568912618e-01,-9.316087382e-01,-3.373587382e-01,-3.065468127e-02,3.396646813e-01,-1.365831974e-11,-1.365831974e-11,-2.143590616e-28
9.240000000e+01,-1.349165225e+04,9.045473909e-03,1.435425702e+17,4.187324023e+00,2.566182377e-01,-9.318817623e-01,-3.376317623e-01,-3.065468127e-02,3.396646813e-01,-1.389212345e-11,-1.389212345e-11,-2.121564215e-28
9.260000000e+01,-1.333635767e+04,8.804172541e-03,1.450486554e+17,4.143845737e+00,2.563484046e-01,-9.321515954e-01,-3.379015954e-01,-3.065468127e-02,3.396646813e-01,-1.424071243e-11,-1.424071243e-11,-2.125812860e-28
9.280000000e+01,-1.318531423e+04,8.563160502e-03,1.465529349e+17,4.101311605e+00,2.560816775e-01,-9.324183225e-01,-3.381683225e-01,-3.065468127e-02,3.396646813e-01,-1.382804403e-11,-1.382804403e-11,-2.017038779e-28
9.300000000e+01,-1.303851714e+04,8.322420987e-03,1.480555133e+17,4.059688417e+00,2.558179712e-01,-9.326820288e-01,-3.384320288e-01,-3.065468127e-02,3.396646813e-01,-1.357702602e-11,-1.357702602e-11,-1.933111048e-28
9.320000000e+01,-1.289596193e+04,8.081934621e-03,1.495565118e+17,4.018944046e+00,2.555572009e-01,-9.329427991e-01,-3.386927991e-01,-3.065468127e-02,3.396646813e-01,-1.378882028e-11,-1.378882028e-11,-1.914439392e-28
9.340000000e+01,-1.275764452e+04,7.841679443e-03,1.510560672e+17,3.979047406e+00,2.552992816e-01,-9.332007184e-01,-3.389507184e-01,-3.065468127e-02,3.396646813e-01,-1.415290894e-11,-1.415290894e-11,-1.918417971e-28
9.360000000e+01,-1.262356126e+04,7.601630896e-03,1.525543330e+17,3.939968408e+00,2.550441287e-01,-9.334558713e-01,-3.392058713e-01,-3.065468127e-02,3.396646813e-01,-1.454745155e-11,-1.454745155e-11,-1.927460301e-28
9.380000000e+01,-1.249370900e+04,7.361761806e-03,1.540514787e+17,3.901677917e+00,2.547916575e-01,-9.337083425e-01,-3.394583425e-01,-3.065468127e-02,3.396646813e-01,-1.495508626e-11,-1.495508626e-11,-1.932733894e-28
9.400000000e+01,-1.236808508e+04,7.122042364e-03,1.555476904e+17,3.864147716e+00,2.545417833e-01,-9.339582167e-01,-3.397082167e-01,-3.065468127e-02,3.396646813e-01,-1.534013685e-11,-1.534013685e-11,-1.939289376e-28
9.420000000e+01,-1.224668745e+04,6.882440113e-03,1.570431706e+17,3.827350468e+00,2.542944216e-01,-9.342055784e-01,-3.399555784e-01,-3.065468127e-02,3.396646813e-01,-1.541362430e-11,-1.541362430e-11,-1.904003572e-28
9.440000000e+01,-1.212951466e+04,6.642919925e-03,1.585381386e+17,3.791259679e+00,2.540494879e-01,-9.344505121e-01,-3.402005121e-01,-3.065468127e-02,3.396646813e-01,-1.529744223e-11,-1.529744223e-11,-1.845751540e-28
9.460000000e+01,-1.201656592e+04,6.403443978e-03,1.600328305e+17,3.755849663e+00,2.538068976e-01,-9.346931024e-01,-3.404431024e-01,-3.065468127e-02,3.396646813e-01,-1.552640628e-11,-1.552640628e-11,-1.829312855e-28
9.480000000e+01,-1.190784117e+04,6.163971737e-03,1.615274992e+17,3.721095512e+00,2.535665663e-01,-9.349334337e-01,-3.406834337e-01,-3.065468127e-02,3.396646813e-01,-1.573949341e-11,-1.573949341e-11,-1.814101057e-28
9.500000000e+01,-1.180334111e+04,5.924459931e-03,1.630224149e+17,3.686973062e+00,2.533284094e-01,-9.351715906e-01,-3.409215906e-01,-3.065468127e-02,3.396646813e-01,-1.594565577e-11,-1.594565577e-11,-1.800121403e-28
9.520000000e+01,-1.170306725e+04,5.684862519e-03,1.645178650e+17,3.653458867e+00,2.530923426e-01,-9.354076574e-01,-3.411576574e-01,-3.065468127e-02,3.396646813e-01,-1.656183312e-11,-1.656183312e-11,-1.826346347e-28
9.540000000e+01,-1.160702196e+04,5.445130669e-03,1.660141541e+17,3.620530164e+00,2.528582813e-01,-9.356417187e-01,-3.413917187e-01,-3.065468127e-02,3.396646813e-01,-1.718478730e-11,-1.718478730e-11,-1.850727669e-28
9.560000000e+01,-1.151520852e+04,5.205212723e-03,1.675116047e+17,3.588164853e+00,2.526261408e-01,-9.358738592e-01,-3.416238592e-01,-3.065468127e-02,3.396646813e-01,-1.760845786e-11,-1.760845786e-11,-1.858522450e-28
9.580000000e+01,-1.142763118e+04,4.965054163e-03,1.690105571e+17,3.556341466e+00,2.523958367e-01,-9.361041633e-01,-3.418541633e-01,-3.065468127e-02,3.396646813e-01,-1.784833909e-11,-1.784833909e-11,-1.843884625e-28
9.600000000e+01,-1.134429519e+04,4.724597576e-03,1.705113697e+17,3.525039143e+00,2.521672840e-01,-9.363327160e-01,-3.420827160e-01,-3.065468127e-02,3.396646813e-01,-1.774022218e-11,-1.774022218e-11,-1.790011768e-28
9.620000000e+01,-1.126520688e+04,4.483782610e-03,1.720144191e+17,3.494237609e+00,2.519403981e-01,-9.365596019e-01,-3.423096019e-01,-3.065468127e-02,3.396646813e-01,-1.800249607e-11,-1.800249607e-11,-1.779736238e-28
9.640000000e+01,-1.119037368e+04,4.242545938e-03,1.735201006e+17,3.463917152e+00,2.517150940e-01,-9.367849060e-01,-3.425349060e-01,-3.065468127e-02,3.396646813e-01,-1.823893136e-11,-1.823893136e-11,-1.765564646e-28
9.660000000e+01,-1.111980420e+04,4.000821201e-03,1.750288283e+17,3.434058597e+00,2.514912865e-01,-9.370087135e-01,-3.427587135e-01,-3.065468127e-02,3.396646813e-01,-1.770687679e-11,-1.770687679e-11,-1.674560787e-28
9.680000000e+01,-1.105350828e+04,3.758538968e-03,1.765410356e+17,3.404643290e+00,2.512688904e-01,-9.372311096e-01,-3.429811096e-01,-3.065468127e-02,3.396646813e-01,-1.774061129e-11,-1.774061129e-11,-1.645331263e-28
9.700000000e+01,-1.099149702e+04,3.515626671e-03,1.780571755e+17,3.375653077e+00,2.510478203e-01,-9.374521797e-01,-3.432021797e-01,-3.065468127e-02,3.396646813e-01,-1.819392428e-11,-1.819392428e-11,-1.652258761e-28
9.720000000e+01,-1.093378289e+04,3.272008553e-03,1.795777208e+17,3.347070280e+00,2.508279903e-01,-9.376720097e-01,-3.434220097e-01,-3.065468127e-02,3.396646813e-01,-1.870145344e-11,-1.870145344e-11,-1.659206403e-28
9.740000000e+01,-1.088037971e+04,3.027605599e-03,1.811031647e+17,3.318877688e+00,2.506093147e-01,-9.378906853e-01,-3.436406853e-01,-3.065468127e-02,3.396646813e-01,-1.896348306e-11,-1.896348306e-11,-1.648545874e-28
9.760000000e+01,-1.083130280e+04,2.782335472e-03,1.826340210e+17,3.291058528e+00,2.503917071e-01,-9.381082929e-01,-3.438582929e-01,-3.065468127e-02,3.396646813e-01,-1.899420314e-11,-1.899420314e-11,-1.616277750e-28
9.780000000e+01,-1.078656895e+04,2.536112434e-03,1.841708250e+17,3.263596460e+00,2.501750810e-01,-9.383249190e-01,-3.440749190e-01,-3.065468127e-02,3.396646813e-01,-1.902862906e-11,-1.902862906e-11,-1.584439710e-28
9.800000000e+01,-1.074619655e+04,2.288847267e-03,1.857141334e+17,3.236475553e+00,2.499593497e-01,-9.385406503e-01,-3.442906503e-01,-3.065468127e-02,3.396646813e-01,-1.878613236e-11,-1.878613236e-11,-1.536095609e-28
9.820000000e+01,-1.071020561e+04,2.040447189e-03,1.872645253e+17,3.209680272e+00,2.497444257e-01,-9.387555743e-01,-3.445055743e-01,-3.065468127e-02,3.396646813e-01,-1.879542125e-11,-1.879542125e-11,-1.506408006e-28
9.840000000e+01,-1.067861786e+04,1.790815762e-03,1.888226027e+17,3.183195464e+00,2.495302216e-01,-9.389697784e-01,-3.447197784e-01,-3.065468127e-02,3.396646813e-01,-1.906932393e-11,-1.906932393e-11,-1.498698888e-28
9.860000000e+01,-1.065145679e+04,1.539852791e-03,1.903889910e+17,3.157006344e+00,2.493166493e-01,-9.391833507e-01,-3.449333507e-01,-3.065468127e-02,3.396646813e-01,-1.953917092e-11,-1.953917092e-11,-1.507143655e-28
9.880000000e+01,-1.062874771e+04,1.287454217e-03,1.919643396e+17,3.131098482e+00,2.491036201e-01,-9.393963799e-01,-3.451463799e-01,-3.065468127e-02,3.396646813e-01,-1.976916361e-11,-1.976916361e-11,-1.495812433e-28
9.900000000e+01,-1.061051785e+04,1.033512009e-03,1.935493229e+17,3.105457790e+00,2.488910452e-01,-9.396089548e-01,-3.453589548e-01,-3.065468127e-02,3.396646813e-01,-1.998018484e-11,-1.998018484e-11,-1.484279911e-28
9.920000000e+01,-1.059679642e+04,7.779140375e-04,1.951446406e+17,3.080070510e+00,2.486788348e-01,-9.398211652e-01,-3.455711652e-01,-3.065468127e-02,3.396646813e-01,-1.991617842e-11,-1.991617842e-11,-1.454213253e-28
9.940000000e+01,-1.058761467e+04,5.205439454e-04,1.967510190e+17,3.054923200e+00,2.484668989e-01,-9.400331011e-01,-3.457831011e-01,-3.065468127e-02,3.396646813e-01,-1.936056045e-11,-1.936056045e-11,-1.389219451e-28
9.960000000e+01,-0.000000000e+00,2.612810114e-04,1.983692116e+17,3.030002730e+00,2.482551466e-01,-9.402448534e-01,-3.459948534e-01,-3.065468127e-02,3.396646813e-01,-9.605439811e-12,-9.605439811e-12,-6.829451576e-29
9.980000000e+01,-0.000000000e+00,2.612810114e-04,1.983692116e+17,3.030002730e+00,2.482551466e-01,-9.402448534e-01,-3.459948534e-01,-3.065468127e-02,3.396646813e-01,-9.605439811e-12,-9.605439811e-12,-6.829451576e-29
